,id,address_v4,asn_v4,prefix_v4,address_v6,asn_v6,prefix_v6,country,status,is_public,latitude,longitude,description,Seconds_disconnected,Days_disconnected
2,57,217.69.64.206,61157,217.69.64.0/19,2001:aa8:fffe:3:220:4aff:fec8:2098,61157,2001:aa8::/32,de,Disconnected,Yes,51.1905,6.8695,OpenIT DUS6 (20621),3812111,44
9,81,109.90.168.210,3209,109.90.0.0/16,2a01:170:1120:1120:220:4aff:fec8:2756,8820,2a01:170:1000::/36,de,Connected,Yes,49.1475,9.2915,raiders Probe @ KabelBW + v6 v,0,0
19,198,95.90.194.169,3209,95.88.0.0/14,fdef:f6ce:3ae3:4d63:220:4aff:fec6:cd07,-,-,de,Connected,Yes,48.1815,11.4815,@CK,0,0
27,257,92.79.48.224,3209,92.72.0.0/13,-,-,-,de,Disconnected,Yes,52.9705,9.8495,RÃ¶hrs AG - Vodafone,4163946,48
52,555,194.95.241.3,680,194.94.0.0/15,2001:638:206:4:220:4aff:febf:ff40,680,2001:638::/32,de,Connected,Yes,48.7795,9.1595,DFN GS Stuttgart,0,0
57,706,93.216.161.129,3320,93.192.0.0/10,2003:d3:719:4400:220:4aff:fec5:5b22,3320,2003::/19,de,Connected,Yes,50.2405,11.7175,my network,0,0
63,772,217.10.14.42,25538,217.10.0.0/20,-,-,-,de,Connected,Yes,48.3785,10.0105,IN-Ulm TFU,0,0
65,784,129.187.163.18,12816,129.187.0.0/16,2001:4ca0:0:f014:220:4aff:fec7:ac17,12816,2001:4ca0::/32,de,Disconnected,Yes,48.2595,11.6715,AS12816 LRZ,3842401,44
67,789,82.97.161.90,13101,82.97.128.0/18,2a00:12d0:0:12e:220:4aff:fec6:ca3e,13101,2a00:12d0::/29,de,Connected,Yes,54.3615,10.1315,AS13101-KEL-KIWI,0,0
71,823,212.62.68.21,8879,212.62.64.0/19,2a00:1348::220:4aff:fec6:cb3e,8879,2a00:1348::/32,de,Connected,Yes,52.1185,8.6485,"DTS Systeme GmbH, AS8879, Data",0,0
73,850,212.7.160.161,12360,212.7.160.0/19,2a02:1628:0:c002:220:4aff:fec7:ae6c,12360,2a02:1628::/32,de,Connected,Yes,50.3575,7.5895,KEVAG Telekom GmbH,0,0
78,882,193.105.105.194,12502,193.105.105.0/24,2001:14f8:200:3::6,12502,2001:14f8::/32,de,Connected,Yes,48.7285,9.1115,opsec,0,0
81,901,46.142.50.43,8881,46.142.32.0/19,-,-,-,de,Disconnected,Yes,50.9175,11.8775,Probe1@Home (IPv4:AS31334 KDG/,1042294,12
85,910,178.24.235.211,3209,178.24.0.0/14,2a02:8109:1b40:4c34:220:4aff:fec7:af87,3209,2a02:8100::/27,de,Connected,Yes,53.1675,8.6075,Juergen's home,0,0
87,916,37.201.145.218,3209,37.201.128.0/17,2a02:908:3713:9d80:220:4aff:fec7:af8d,3209,2a02:908::/33,de,Connected,Yes,52.1405,8.5275,HPA Home,0,0
93,933,92.206.191.106,16202,92.206.0.0/16,fdd5:5df9:b469:4f91:220:4aff:fec7:ae9a,-,-,de,Connected,Yes,50.9685,11.0185,Maxim Gorki,0,0
113,1280,79.229.254.151,3320,79.192.0.0/10,-,-,-,de,Connected,Yes,51.6575,8.0415,Home / T-DSL 16k,0,0
114,1290,95.142.74.122,51483,95.142.64.0/20,-,-,-,de,Connected,Yes,48.2775,11.5715,SaSG GmbH & Co. KG Rechenzentr,0,0
117,1312,149.224.0.164,15943,149.224.0.0/16,2a04:4540:4708:4500:220:4aff:fec8:2530,15943,2a04:4540::/29,de,Connected,Yes,53.7285,9.9275,Home Tel.Quick,0,0
120,1326,91.16.56.67,3320,91.0.0.0/10,2003:e3:d705:a200:220:4aff:fec8:29f7,3320,2003::/19,de,Connected,Yes,53.7405,10.0685,Office DSL Telekom DSL,0,0
122,1330,93.244.247.38,3320,93.192.0.0/10,2003:6:316c:c6ae:220:4aff:fec8:29fa,3320,2003::/19,de,Connected,Yes,51.2775,7.7785,dasMarci@home,0,0
123,1336,185.45.109.244,52088,185.45.109.0/24,2a02:22f0:10:21:220:4aff:fec8:2a0a,52088,2a02:22f0:10::/48,de,Connected,Yes,53.5605,9.9085,portrix Systems GmbH Office,0,0
124,1338,78.94.76.190,3209,78.94.0.0/17,2002:5898:d476:80:220:4aff:fec8:2a0b,-,2002::/16,de,Connected,Yes,51.8315,6.6385,HochfeldstraÃŸe,0,0
125,1343,92.117.213.172,8881,92.117.192.0/19,2001:9e8:242b:8900:220:4aff:fec8:2a02,8881,2001:9e8:2000::/35,de,Connected,Yes,50.1285,8.9295,Probe #1343,0,0
126,1350,78.55.62.85,6805,78.48.0.0/13,2001:bc8:2050:104::546,12876,2001:bc8::/32,de,Connected,Yes,52.4575,13.5795,Mystiland,0,0
130,1359,94.31.80.35,60294,94.31.80.0/20,-,-,-,de,Connected,Yes,51.8315,6.4595,-,0,0
131,1360,46.231.177.254,48173,46.231.176.0/21,2a00:cd0:1:505::2,48173,2a00:cd0::/32,de,Connected,Yes,52.5375,13.2405,um-ripe01,0,0
132,1370,62.138.233.86,61157,62.138.233.0/24,2a02:cbf1:0:2003::10,61157,2a02:cbf0::/29,de,Connected,Yes,50.9075,7.0605,Probe-CGN3,0,0
134,1372,188.174.168.153,8767,188.174.0.0/16,2001:a61:1086:5301:220:4aff:fecb:c13,8767,2001:a60::/29,de,Connected,Yes,48.1185,11.5505,Flos MNET,0,0
140,1405,94.31.96.30,60294,94.31.96.0/20,2a00:6020:500c:f101:220:4aff:fecb:d0e,60294,2a00:6020::/32,de,Disconnected,Yes,50.5195,8.6175,dm_huettenberg_1,7168154,82
142,1419,95.90.1.230,3209,95.88.0.0/14,-,-,-,de,Connected,Yes,49.2415,6.9875,Vodafone/KDG Customer (moved f,0,0
148,1458,217.114.70.26,20694,217.114.64.0/20,-,-,-,de,Connected,Yes,53.5515,9.9895,NMMN AirportCenter,0,0
150,1463,213.241.156.4,8859,213.241.128.0/18,-,-,-,de,Connected,Yes,49.4685,11.0705,OSN - NBG,0,0
151,1472,170.133.10.42,198930,170.133.0.0/18,fd31:33fc:1ced:40e2:220:4aff:fed1:35d0,-,-,de,Connected,Yes,53.5985,10.6905,Toshima,0,0
152,1477,217.91.97.156,3320,217.80.0.0/12,2003:a:461:3b01:220:4aff:fed1:35f3,3320,2003::/19,de,Connected,Yes,52.4705,13.4405,home office,0,0
159,1506,130.255.108.111,48284,130.255.104.0/21,2a02:778:137:8a01:220:4aff:fed1:3631,48284,2a02:778::/32,de,Connected,Yes,48.4405,10.0475,Elchingen via SWU,0,0
160,1509,88.217.120.127,8767,88.217.0.0/16,2001:a61:aa3:c501:220:4aff:fec7:b0ab,8767,2001:a60::/29,de,Connected,Yes,48.0915,11.5275,AS8767 - M-net Telekommunikati,0,0
161,2007,88.152.187.153,3209,88.152.0.0/16,2a02:908:698:e840:220:4aff:fee0:25e5,3209,2a02:908::/33,de,Connected,Yes,50.7405,7.0875,H117 1000 Mbit cable Vodafone,0,0
164,2024,77.190.149.209,6805,77.176.0.0/12,2a01:c22:d4f2:1a00:220:4aff:fee0:250a,6805,2a01:c00::/26,de,Connected,Yes,48.7695,9.1385,"Rupp Home Network, Provider Al",0,0
166,2026,94.103.175.30,12586,94.103.175.0/24,2a02:7a0:863::2,12586,2a02:7a0::/29,de,Connected,Yes,50.1405,8.7385,nonattached-remote,0,0
171,2049,93.228.68.242,3320,93.192.0.0/10,2003:d4:c707:4300:220:4aff:fee0:259c,3320,2003::/19,de,Connected,Yes,48.3615,12.1295,Axel Home,0,0
172,2052,141.100.58.7,8365,141.100.0.0/16,-,-,-,de,Connected,Yes,49.8685,8.6395,-,0,0
174,2057,89.244.221.132,8881,89.244.192.0/19,2001:9e8:6d62:7600:220:4aff:fee0:22d5,8881,2001:9e8:6000::/35,de,Connected,Yes,52.3205,9.6595,"FRITZ!Box 7590, 50/10 Mbit, IS",0,0
177,2074,194.150.191.253,33988,194.150.191.0/24,2001:67c:14c:66::ffff,33988,2001:67c:14c::/48,de,Connected,Yes,49.4295,11.0205,Office,0,0
178,2075,-,-,-,2a01:c22:6f78:c001:220:4aff:fee0:2361,6805,2a01:c00::/26,de,Connected,Yes,48.1195,11.5305,SaMeProbe,0,0
201,2153,80.147.231.118,3320,80.144.0.0/13,2003:a:b67:f20::244,3320,2003::/19,de,Connected,Yes,49.0685,9.2195,VDSL 100,0,0
211,2196,217.24.8.174,15844,217.24.0.0/20,-,-,-,de,Connected,Yes,50.2905,8.5415,@EDFA,0,0
222,2229,-,-,-,2001:868:100:1c:220:4aff:fee0:20e9,12731,2001:868::/29,de,Connected,Yes,53.6415,10.0185,Sascha Home,0,0
227,2275,31.209.89.4,50629,31.209.80.0/20,-,-,-,de,Connected,Yes,53.0795,8.8205,-,0,0
229,2290,212.86.201.219,12480,212.86.192.0/19,fd00::220:4aff:fee0:2041,-,-,de,Connected,Yes,49.3375,8.6415,Arnold's Atlas probe,0,0
231,2302,80.81.248.249,15657,80.81.240.0/20,-,-,-,de,Connected,Yes,52.4685,13.3675,Speedbone Internet & Connectiv,0,0
232,2303,87.183.166.69,3320,87.128.0.0/10,-,-,-,de,Connected,Yes,52.4685,13.3275,Berlin::Friedenau,0,0
236,2322,37.72.148.174,50629,37.72.144.0/21,-,-,-,de,Connected,Yes,53.0785,8.7985,Fibre Probe 1,0,0
237,2325,212.224.70.195,44066,212.224.64.0/18,-,-,-,de,Connected,Yes,50.1095,8.6785,First Colo GmbH,0,0
238,2326,91.39.115.200,3320,91.0.0.0/10,2003:e2:5f0e:4100:220:4aff:fee0:2584,3320,2003::/19,de,Connected,Yes,49.9205,11.5885,cyconet,0,0
240,2332,37.72.148.174,50629,37.72.144.0/21,-,-,-,de,Connected,Yes,53.0785,8.7985,Fibre Probe 2,0,0
241,2334,217.145.98.130,16316,217.145.96.0/20,2001:4dc8:a001:1:220:4aff:fee0:24e5,16316,2001:4dc8::/32,de,Connected,Yes,49.9295,11.5885,N42 CoLocation,0,0
248,2383,82.212.8.100,3209,82.212.0.0/19,-,-,-,de,Connected,Yes,48.9985,8.3415,IPv4: AS3320 IPv6: AS8422,0,0
253,2430,2.214.42.77,6805,2.208.0.0/13,-,-,-,de,Connected,Yes,53.4975,10.0185,tplink behind cable modem,0,0
255,2434,92.229.107.121,6805,92.224.0.0/13,-,-,-,de,Connected,Yes,50.8195,6.2485,O2 DSL @ home,0,0
256,2443,62.157.69.43,3320,62.156.0.0/14,-,-,-,de,Connected,Yes,52.5185,13.2895,-,0,0
258,2453,217.248.224.252,3320,217.224.0.0/11,-,-,-,de,Connected,Yes,49.4285,11.1095,"Nuremberg, Germany",0,0
261,2468,87.147.55.211,3320,87.128.0.0/10,2003:d0:af15:c100:220:4aff:fee0:2025,3320,2003::/19,de,Connected,Yes,50.7715,12.0605,Homebase Weida 2,0,0
263,2478,109.250.49.131,8881,109.250.32.0/19,fdaf:3c49:826:7b16:220:4aff:fee0:25e4,-,-,de,Connected,Yes,50.1215,8.8305,@home,0,0
267,2536,-,-,-,2003:a:1019:b500:220:4aff:fee0:2427,3320,2003::/19,de,Connected,Yes,52.1405,9.9285,Trillke1,0,0
279,2615,92.79.48.225,3209,92.72.0.0/13,-,-,-,de,Connected,Yes,52.9695,9.8475,RÃ¶hrs AG - Kabel Deutschland,0,0
280,2626,193.34.31.181,51871,193.34.31.0/24,2001:67c:21b0:4031:193:34:31:181,51871,2001:67c:21b0::/48,de,Connected,Yes,49.6005,10.9485,F1-CONSULT: AS51871-AS3491 (PC,0,0
281,2631,193.34.30.181,51871,193.34.30.0/24,2001:67c:21b0:8030:193:34:30:181,51871,2001:67c:21b0::/48,de,Connected,Yes,49.5975,10.9485,F1-CONSULT: AS51871-AS8928 (GT,0,0
282,2632,-,-,-,2001:9e8:31ed:8900:220:4aff:fee0:258a,8881,2001:9e8:2000::/35,de,Connected,Yes,48.1085,11.6285,-,0,0
284,2650,-,-,-,2003:ec:7739:ec01:220:4aff:fee0:20f4,3320,2003::/19,de,Connected,Yes,50.0475,10.5695,PRA,0,0
288,2659,104.151.15.246,8881,104.151.0.0/17,-,-,-,de,Connected,Yes,52.5015,13.3495,mob-fc1.sixtopia.net,0,0
289,2662,104.151.15.246,8881,104.151.0.0/17,-,-,-,de,Connected,Yes,52.5385,13.3705,Raumfahrtagentur.org KDG/DTAG,0,0
291,2699,77.20.78.159,3209,77.20.0.0/14,-,-,-,de,Connected,Yes,53.6315,9.9115,Home KD,0,0
293,2707,213.95.133.190,12337,213.95.0.0/16,2001:780:100:6:220:4aff:fee0:2479,12337,2001:780::/32,de,Connected,Yes,50.1205,8.7375,noris network FFM2,0,0
294,2715,178.26.124.223,3209,178.24.0.0/14,-,-,-,de,Connected,Yes,48.6595,10.8175,Vodafone CableMax 1000 (1000/5,0,0
299,2739,-,-,-,2001:470:6d:7ad:220:4aff:fee0:213a,6939,2001:470::/32,de,Connected,Yes,52.2615,10.5085,Bert's Milky Way Explorer,0,0
301,2750,185.142.181.227,48111,185.142.180.0/23,-,-,-,de,Connected,Yes,51.3275,12.3295,-,0,0
305,2777,79.195.133.128,3320,79.192.0.0/10,2003:ee:b730:3b01:220:4aff:fee0:2595,3320,2003::/19,de,Connected,Yes,49.2905,10.5605,IPv4 & IPv6 DTAG VDSL2,0,0
315,2809,84.149.128.29,3320,84.128.0.0/10,2003:d8:9f35:2002:220:4aff:fee0:212f,3320,2003::/19,de,Connected,Yes,48.5015,12.0975,Tim-1,0,0
316,2818,-,-,-,2a02:2455:460:5d00:220:4aff:fee0:2515,35244,2a02:2455::/33,de,Connected,Yes,48.1815,11.5475,Tim-2,0,0
323,2920,-,-,-,2a02:810b:1320:3c01:220:4aff:fee0:24ed,3209,2a02:8100::/27,de,Connected,Yes,50.3275,7.5685,"Vodafone, Koblenz",0,0
330,3017,178.4.95.49,3209,178.0.0.0/12,fd31:4a88:7257:0:280:a3ff:fe91:3b6d,-,-,de,Connected,Yes,49.6905,8.6175,Arcor FFM 6MBit,0,0
331,3043,134.91.78.146,680,134.91.0.0/16,2001:638:501:8efc:280:a3ff:fe91:9b8,680,2001:638::/32,de,Connected,Yes,51.4285,6.7595,University of Duisburg-Essen,0,0
340,3112,212.62.221.200,21263,212.62.192.0/19,2a02:590:bad:0:280:a3ff:fe91:3e81,21263,2a02:590::/29,de,Connected,Yes,47.6685,9.4175,AS21263 - TeleData Fiber IPv4,0,0
342,3128,93.209.125.217,3320,93.192.0.0/10,2003:c5:173a:7006:280:a3ff:fe91:4070,3320,2003::/19,de,Connected,Yes,51.2715,7.2185,-,0,0
348,3156,84.139.72.55,3320,84.128.0.0/10,2003:c6:af40:b201:280:a3ff:fe91:3b94,3320,2003::/19,de,Connected,Yes,50.4005,8.8195,Telekom Magenta M 50/10 MBit/s,0,0
355,3186,109.90.219.42,3209,109.90.0.0/16,-,-,-,de,Connected,Yes,52.1305,7.5615,Homelab,0,0
356,3187,95.112.78.83,6805,95.112.0.0/13,-,-,-,de,Connected,Yes,53.5405,10.2215,Glinde,0,0
357,3192,84.182.236.120,3320,84.128.0.0/10,2003:fd:bf03:7a00:280:a3ff:fe91:3c14,3320,2003::/19,de,Connected,Yes,50.7685,6.1115,iProbe,0,0
361,3208,93.224.73.164,3320,93.192.0.0/10,2003:d3:df2b:e600:280:a3ff:fe91:39bc,3320,2003::/19,de,Connected,Yes,54.2515,12.3875,KÃ¶rkwitz,0,0
367,3286,23.88.100.193,24940,23.88.0.0/17,-,-,-,de,Connected,Yes,49.4505,11.0115,Spookje #02,0,0
370,3294,91.248.34.233,9145,91.248.0.0/15,fd00::280:a3ff:fe91:3898,-,-,de,Connected,Yes,53.3095,9.9615,Test@Jbg,0,0
373,3310,46.41.20.18,15987,46.41.0.0/19,2a02:a00:e000:1c2:280:a3ff:fe91:3a02,15987,2a02:a00::/32,de,Connected,Yes,51.2475,7.1475,Portunity - VPN,0,0
375,3327,212.60.138.58,8820,212.60.128.0/19,2a01:170:104b:8193:280:a3ff:fe91:3a07,8820,2a01:170:1000::/36,de,Connected,Yes,51.5405,9.9785,-,0,0
376,3333,87.134.74.4,3320,87.128.0.0/10,2003:6:1139:8a64:280:a3ff:fe91:3989,3320,2003::/19,de,Connected,Yes,49.5185,8.5385,C&C Mannheim,0,0
385,3407,212.12.39.26,9211,212.12.32.0/20,2a00:ea8:0:5:280:a3ff:fe91:4521,9211,2a00:ea8::/32,de,Connected,Yes,53.5505,10.0375,-,0,0
394,3559,-,-,-,2a02:908:df58:2fe0:280:a3ff:fe91:45e8,3209,2a02:908:8000::/33,de,Disconnected,Yes,49.8615,8.5595,-,557039,6
396,3575,213.177.166.10,21175,213.177.160.0/20,-,-,-,de,Connected,Yes,50.0995,8.6305,FRA1,0,0
401,3680,141.22.28.253,680,141.22.0.0/16,-,-,-,de,Connected,Yes,53.5475,9.9915,-,0,0
405,3906,91.215.118.126,3320,91.215.116.0/22,-,-,-,de,Connected,Yes,52.4905,13.3975,"Berlin, DE, IPv4, Telekom Comp",0,0
406,3913,217.92.64.48,3320,217.80.0.0/12,fd6d:37cd:6a44:45f9:280:a3ff:fe91:3a40,-,-,de,Connected,Yes,53.5485,9.9875,Probe_RB_HH_DTAG,0,0
408,3933,109.125.102.242,35244,109.125.64.0/18,-,-,-,de,Connected,Yes,51.3585,12.4585,-,0,0
409,3942,95.223.75.72,3209,95.223.0.0/16,-,-,-,de,Connected,Yes,50.1285,8.7095,Vodafone Frankfurt,0,0
414,4008,91.64.155.228,3209,91.64.0.0/14,2a02:8109:9f00:3d48:280:a3ff:fe91:3c85,3209,2a02:8100::/27,de,Connected,Yes,52.5715,13.3975,-,0,0
417,4054,84.147.45.125,3320,84.128.0.0/10,2003:e8:171f:9600:280:a3ff:fe91:483f,3320,2003::/19,de,Connected,Yes,50.7295,7.1895,DT AS3320 Home User VDSL25,0,0
421,4072,-,-,-,2001:9e8:2b28:1902:280:a3ff:fe91:487e,8881,2001:9e8:2000::/35,de,Connected,Yes,49.0485,8.3905,-,0,0
425,4135,88.71.160.9,3209,88.64.0.0/12,-,-,-,de,Connected,Yes,53.0495,8.8485,-,0,0
429,4150,95.90.192.99,3209,95.88.0.0/14,2a02:810d:15c0:b80:220:4aff:fee0:20c3,3209,2a02:8100::/27,de,Connected,Yes,48.1875,11.6195,Freimann,0,0
433,4180,95.90.194.108,3209,95.88.0.0/14,2a02:810d:780:2faa:220:4aff:fee0:1fff,3209,2a02:8100::/27,de,Connected,Yes,47.7275,10.3215,Kabel Deutschland 32Mbit,0,0
434,4182,89.247.108.22,8881,89.247.96.0/20,2001:9e8:2264:a900:280:a3ff:fe91:38a4,8881,2001:9e8:2000::/35,de,Disconnected,Yes,49.8585,8.6615,-,807408,9
438,4217,62.91.33.99,20686,62.91.0.0/16,fd00::280:a3ff:fe91:44b1,-,-,de,Connected,Yes,49.9005,11.1075,derBit.de 1,0,0
440,4223,217.236.50.2,3320,217.224.0.0/11,2003:c3:8725:ac00:280:a3ff:fe91:42ea,3320,2003::/19,de,Disconnected,Yes,49.4885,8.4685,-,4586727,53
442,4243,87.147.148.62,3320,87.128.0.0/10,2003:e5:3f10:bb64:280:a3ff:fe91:42f6,3320,2003::/19,de,Connected,Yes,49.8685,8.6495,Chaos Darmstadt,0,0
446,4251,78.42.13.251,3209,78.42.0.0/16,-,-,-,de,Connected,Yes,49.4175,8.5295,home,0,0
448,4258,92.116.206.133,8881,92.116.192.0/19,2001:9e8:8d7c:c800:280:a3ff:fe91:42fa,8881,2001:9e8:8000::/35,de,Connected,Yes,49.4815,8.4595,1und1 Internet,0,0
449,4259,213.240.178.46,8820,213.240.176.0/20,fd00::280:a3ff:fe91:43a4,-,-,de,Connected,Yes,48.1915,11.7695,-,0,0
450,4260,80.128.54.95,3320,80.128.0.0/12,2003:cc:7f1e:b901:280:a3ff:fe91:43fd,3320,2003::/19,de,Connected,Yes,49.5075,8.5005,"RaumZeitLabor, Mannheim, DE",0,0
451,4267,31.13.168.44,196819,31.13.168.0/23,-,-,-,de,Connected,Yes,49.4605,7.8105,DEMANDO GmbH,0,0
452,4270,193.174.241.224,680,193.174.0.0/15,-,-,-,de,Connected,Yes,53.5675,10.0305,HfbK,0,0
464,4332,93.208.99.179,3320,93.192.0.0/10,2003:c5:af0e:e700:280:a3ff:fe91:3b9c,3320,2003::/19,de,Disconnected,Yes,47.6685,8.0385,-,525965,6
467,4344,84.191.84.58,3320,84.128.0.0/10,2003:c9:d70e:b100:280:a3ff:fe91:3e73,3320,2003::/19,de,Connected,Yes,49.3395,8.6695,MLS-Leimen,0,0
484,4419,92.116.220.208,8881,92.116.192.0/19,2001:470:1f0b:9bb:280:a3ff:fe91:98c,6939,2001:470::/32,de,Connected,Yes,48.0915,11.4975,@derchris 1&1 250Mbit down / 4,0,0
494,4463,87.144.181.195,3320,87.128.0.0/10,2003:ee:af0b:76d5:280:a3ff:fe91:3897,3320,2003::/19,de,Connected,Yes,48.1385,11.5805,Munich goes Atlas,0,0
497,4482,193.7.176.183,39702,193.7.176.0/21,2001:678:cac:176::4482,39702,2001:678:cac::/48,de,Connected,Yes,48.6785,8.9715,Bawue.Net e.V.,0,0
501,4526,78.35.178.248,8422,78.34.0.0/15,2001:4dd7:e751:0:280:a3ff:fe91:4139,8422,2001:4dd0::/29,de,Connected,Yes,50.7305,7.0885,iffy,0,0
502,4531,79.225.186.158,3320,79.192.0.0/10,2003:cd:ef0c:1e00:280:a3ff:fe91:4273,3320,2003::/19,de,Connected,Yes,52.5175,13.4685,-,0,0
503,4533,84.186.223.50,3320,84.128.0.0/10,2003:e4:9700:2d00:280:a3ff:fe91:3be6,3320,2003::/19,de,Connected,Yes,53.0985,8.8385,-,0,0
508,4575,31.209.93.135,50629,31.209.80.0/20,2001:1a80:303b:0:280:a3ff:fe91:3b2d,20676,2001:1a80::/29,de,Connected,Yes,53.0795,8.8105,Hackerspace Bremen e.V.,0,0
511,4580,89.245.196.188,8881,89.245.192.0/19,2001:9e8:18d6:1f00:280:a3ff:fe91:4267,8881,2001:9e8::/35,de,Connected,Yes,52.5175,13.4115,-,0,0
519,4615,185.6.254.136,35258,185.6.252.0/22,2a00:e400:1000:1002:280:a3ff:fe91:4124,35258,2a00:e400::/29,de,Connected,Yes,53.6095,10.0175,akq-ham01,0,0
523,4649,79.99.96.10,44156,79.99.96.0/21,-,-,-,de,Connected,Yes,50.8115,6.2495,-,0,0
525,4653,84.160.8.27,3320,84.128.0.0/10,2003:c6:2f18:7401:280:a3ff:fe91:3afd,3320,2003::/19,de,Connected,Yes,48.7185,8.9095,T-DSL (ADSL2) BÃ¶blingen,0,0
529,4669,-,-,-,2a01:41e1:60e2:3300:280:a3ff:fe91:44b7,62336,2a01:41e1::/32,de,Connected,Yes,53.6915,10.2405,Schlossmedia Ahrensburg,0,0
532,4715,195.52.149.161,12312,195.52.0.0/16,2001:4091:a245:801e:280:a3ff:fe91:476f,12312,2001:4091::/32,de,Disconnected,Yes,52.5295,13.3575,4715 V2 probe,4842378,56
536,4740,84.181.173.47,3320,84.128.0.0/10,2003:ec:6f1e:1700:280:a3ff:fe91:4327,3320,2003::/19,de,Connected,Yes,49.4275,11.5395,-,0,0
537,4741,37.60.3.99,198570,37.60.3.0/24,-,-,-,de,Connected,Yes,49.8975,10.8795,-,0,0
541,4781,5.147.85.17,3209,5.147.0.0/16,2a02:908:1c4:d00:280:a3ff:fe91:38a0,3209,2a02:908::/33,de,Connected,Yes,50.0775,8.6215,-,0,0
546,4799,93.234.25.13,3320,93.192.0.0/10,2003:f1:cf02:2400:220:4aff:fee0:22b3,3320,2003::/19,de,Connected,Yes,50.8415,12.9415,Nerdliche HemisphÃ¤re,0,0
554,4873,212.82.32.38,9067,212.82.32.0/21,-,-,-,de,Connected,Yes,49.2285,6.9905,-,0,0
556,4879,212.53.246.29,62336,212.53.240.0/20,fdac:1f79:75e9:1025:280:a3ff:fe91:438d,-,-,de,Connected,Yes,54.8715,8.9005,Stadtwerke Flensburg Fiber 200,0,0
557,4943,5.146.209.61,3209,5.146.0.0/16,-,-,-,de,Connected,Yes,51.0885,6.8895,-,0,0
558,4999,195.52.149.161,12312,195.52.0.0/16,2001:4091:a245:801e:280:a3ff:fe91:4861,12312,2001:4091::/32,de,Disconnected,Yes,52.6415,13.5015,4999,4842605,56
569,6081,194.150.191.46,33988,194.150.191.0/24,2001:67c:14c:12f::46,33988,2001:67c:14c::/48,de,Connected,Yes,49.4275,11.0215,teamix GmbH,0,0
572,6117,185.27.158.238,20647,185.27.156.0/22,2a02:f28:1:7::2,20647,2a02:f28::/32,de,Connected,Yes,52.5205,13.3975,CarrierColo / IPB GmbH,0,0
584,6202,134.169.3.165,680,134.169.0.0/16,2001:638:602::20:2,680,2001:638::/32,de,Connected,Yes,52.2785,10.5375,"TU Braunschweig, GauÃŸ-IT-Zentr",0,0
586,6213,213.9.97.164,12676,213.9.0.0/17,2a02:4c00:0:4014::2,12676,2a02:4c00::/40,de,Connected,Yes,51.2285,6.7675,HKN GmbH,0,0
588,6239,213.128.137.33,12731,213.128.128.0/19,2001:868:100:3401::4,12731,2001:868::/29,de,Connected,Yes,53.5515,10.0485,IPHH Internet Port Hamburg Gmb,0,0
589,6246,37.44.1.36,25291,37.44.0.0/21,2a00:7fc0:4000:16::4,25291,2a00:7fc0::/33,de,Connected,Yes,52.5005,13.3695,SysEleven GmbH,0,0
590,6250,212.227.112.66,8560,212.227.0.0/16,2001:8d8:0:3::2e,8560,2001:8d8::/32,de,Connected,Yes,48.9975,8.3895,1&1 Internet SE,0,0
591,6272,185.181.224.13,206549,185.181.224.0/22,2a0a:d480:1:1::200,206549,2a0a:d480::/29,de,Connected,Yes,48.0585,11.5605,RTL2 Fernsehen GmbH & Co. KG,0,0
592,6275,194.126.158.162,35003,194.126.158.0/23,2001:1578:400:111:1:0:85:1,35003,2001:1578:400::/40,de,Disconnected,Yes,48.1195,11.6005,sys4 AG,991314,11
597,6313,185.138.143.34,203329,185.138.140.0/22,2a07:e80:0:10::2,203329,2a07:e80::/29,de,Connected,Yes,50.1285,8.5975,e-shelter services GmbH,0,0
598,6331,81.169.160.78,6724,81.169.128.0/17,2a01:238:b:f034::78,6724,2a01:238::/29,de,Connected,Yes,52.5175,13.3185,STRATO AG,0,0
599,6332,88.198.173.54,24940,88.198.0.0/16,2a01:4f8:de::54,24940,2a01:4f8::/32,de,Connected,Yes,49.4485,11.0085,warmstart IT-Dienstleistungen,0,0
600,6336,217.198.242.227,2857,217.198.240.0/20,2001:4c80:0:7f0::5001:1,2857,2001:4c80::/32,de,Connected,Yes,49.9905,8.2385,Johannes Gutenberg-Universitae,0,0
601,6346,141.44.3.252,680,141.44.0.0/15,2001:638:90d:bfff::10,680,2001:638::/32,de,Connected,Yes,52.1405,11.6395,Otto-von-Guericke UniversitÃ¤t,0,0
602,6357,31.172.2.253,39138,31.172.0.0/18,2a01:a700:4000::97d,39138,2a01:a700::/29,de,Connected,Yes,51.5205,7.4895,rrbone,0,0
603,6368,31.172.2.249,39138,31.172.0.0/18,2a01:a700:4000::979,39138,2a01:a700::/29,de,Connected,Yes,51.1915,6.8705,rrbone,0,0
604,6372,137.193.69.236,680,137.193.0.0/16,-,-,-,de,Connected,Yes,48.0785,11.6505,Forschungsinstitut CODE,0,0
605,6385,93.190.252.148,21473,93.190.248.0/21,2a00:1e80:8:14::42,21473,2a00:1e80::/32,de,Connected,Yes,49.5095,8.5315,MAnet GmbH,0,0
606,6387,213.206.174.172,21473,213.206.160.0/19,2a02:24d8:7:16::42,21473,2a02:24d8::/32,de,Connected,Yes,49.4305,8.3615,"PfalzKom, Gesellschaft fÃ¼r Tel",0,0
607,6396,195.30.70.33,5539,195.30.0.0/16,2001:608:3:337::1,5539,2001:608::/32,de,Connected,Yes,48.1405,11.5315,SpaceNet AG,0,0
608,6413,83.243.44.55,34549,83.243.40.0/21,2a00:f820:11::2,34549,2a00:f820::/29,de,Connected,Yes,50.1385,8.7375,meerfarbig GmbH & Co. KG,0,0
610,6432,129.13.73.54,34878,129.13.0.0/16,2a00:1398:8:2::10,34878,2a00:1398::/32,de,Connected,Yes,49.0085,8.4085,Karlsruher Institut fÃ¼r Techno,0,0
611,6433,185.120.22.29,206479,185.120.22.0/24,2001:67c:16c8:b978::1,206479,2001:67c:16c8::/48,de,Connected,Yes,50.1385,8.7385,JPBE Network,0,0
612,6439,107.162.218.5,55002,107.162.218.0/24,2604:e180:de03::5,55002,2604:e180:de03::/4,de,Connected,Yes,50.1015,8.5885,F5 Networks,0,0
613,6440,185.171.47.225,205614,185.171.44.0/22,2a0d:1f80:0:6::fefe,205614,2a0d:1f80::/36,de,Disconnected,Yes,50.0975,8.6295,Medialine Eurotrade AG,7448587,86
615,6447,195.16.81.9,35065,195.16.80.0/22,-,-,-,de,Connected,Yes,51.4005,12.3995,Leipziger Messe GmbH,0,0
617,6463,3.121.238.252,16509,3.120.0.0/14,2a05:d014:abd:8300::1650:9,16509,2a05:d014:800::/38,de,Disconnected,Yes,50.1085,8.6805,Amazon Web Services,3746216,43
620,6504,80.252.103.222,8893,80.252.96.0/20,2a00:1f78:af:c::2,8893,2a00:1f78::/32,de,Connected,Yes,53.5495,10.0475,Artfiles GmbH,0,0
621,6507,185.138.55.234,48821,185.138.52.0/22,2a07:a40:101:1337::2,48821,2a07:a40::/29,de,Connected,Yes,51.1905,6.8675,Mauve Mailorder Software GmbH,0,0
623,6531,31.209.92.235,50629,31.209.80.0/20,2a00:c380:1000:2::235,50629,2a00:c380::/32,de,Connected,Yes,53.0775,8.7685,LWLcom GmbH,0,0
624,6534,2.58.52.152,200462,2.58.52.0/23,2a09:e1c0:0:1::152,200462,2a09:e1c0::/32,de,Connected,Yes,50.1095,8.6785,ETH-Services,0,0
625,6535,212.119.5.254,209915,212.119.5.0/24,2a0b:1306:1dc::254,209915,2a0b:1306:1dc::/48,de,Connected,Yes,51.2195,6.8085,Trivago N.V.,0,0
627,6548,212.9.170.190,12374,212.9.160.0/19,2001:14b0:0:18::2,12374,2001:14b0::/32,de,Connected,Yes,48.7115,9.1695,LF.net Netzwerksysteme GmbH,0,0
628,6550,37.202.7.126,15817,37.202.0.0/21,2a03:2a00:0:4::200,15817,2a03:2a00::/29,de,Connected,Yes,52.3775,8.6195,Mittwald CM Service GmbH & Co.,0,0
629,6556,212.29.44.199,15763,212.29.32.0/19,2a03:f580:1006::4,15763,2a03:f580::/32,de,Connected,Yes,51.5005,7.5295,adesso AG,0,0
630,6558,85.197.82.113,25220,85.197.64.0/19,2001:4b38:5:101::10,25220,2001:4b38::/32,de,Connected,Yes,50.1115,8.7395,equada GmbH,0,0
631,6561,45.76.86.163,20473,45.76.80.0/20,2a05:f480:1800:f69:5400:2ff:fe1c:184d,20473,2a05:f480:1800::/3,de,Connected,Yes,50.1175,8.7405,Choopa LLC,0,0
632,6576,185.33.216.12,60316,185.33.216.0/22,2a04:5a00:5a00:10d3:aa::1,60316,2a04:5a00::/29,de,Connected,Yes,51.1905,7.2305,RS Gesellschaft fur Informatio,0,0
633,6579,195.37.209.21,680,195.37.0.0/16,-,-,-,de,Connected,Yes,53.5715,9.9905,"University of Hamburg, Working",0,0
634,6581,185.244.192.10,197540,185.244.192.0/22,2a03:4000:27:579:184b:5fff:fe50:3ee3,197540,2a03:4000::/32,de,Connected,Yes,49.4475,11.0815,netcup GmbH,0,0
635,6589,194.50.94.201,58057,194.50.94.0/24,2a09:4c0:300:c232::5ec9,58057,2a09:4c0:300::/48,de,Connected,Yes,51.2715,6.8215,Securebit AG,0,0
636,6600,185.145.196.198,42263,185.145.196.0/22,2a00:c320:0:3::2,42263,2a00:c320::/32,de,Connected,Yes,50.1275,8.5975,German Edge Cloud GmbH & Co. K,0,0
637,6601,194.50.92.201,58057,194.50.92.0/24,2a09:4c0:303:c232::5cc9,58057,2a09:4c0:303::/48,de,Connected,Yes,50.1375,8.7375,Securebit AG,0,0
639,6679,195.158.60.23,8319,195.158.32.0/19,2001:4cd8:3::23,8319,2001:4cd8::/32,de,Connected,Yes,50.5615,9.6805,NETHINKS GmbH,0,0
640,6683,129.143.66.65,553,129.143.0.0/16,2001:7c0:0:1012::1,553,2001:7c0::/32,de,Connected,Yes,48.7485,9.1115,BelWue-Koordination UniversitÃ¤,0,0
641,6693,78.47.56.73,24940,78.46.0.0/15,2a01:4f8:c0c:36f7::1,24940,2a01:4f8::/32,de,Connected,Yes,49.4485,11.0115,VantaLabs,0,0
642,6708,34.89.240.90,396982,34.89.240.0/20,-,-,-,de,Connected,Yes,50.1115,8.6775,Google,0,0
643,6715,51.89.117.81,16276,51.89.0.0/16,2001:41d0:701:1000::839,16276,2001:41d0::/32,de,Connected,Yes,50.3995,8.0775,OVHcloud,0,0
644,6724,217.243.20.18,3320,217.224.0.0/11,2003:96:e002:d::2,3320,2003::/19,de,Connected,Yes,50.1095,8.6785,Deutsche Telekom AG,0,0
646,6750,62.245.181.100,8767,62.245.128.0/17,2001:a60:91ea:0:5054:ff:fe02:15f4,8767,2001:a60::/29,de,Connected,Yes,48.1875,11.5895,M-net Telekommunikations GmbH,0,0
647,6751,77.220.248.89,62310,77.220.248.0/21,2a02:2878:8000:2:0:1028:0:1,62310,2a02:2878:8000::/3,de,Connected,Yes,52.4475,13.4295,managedhosting.de GmbH,0,0
648,6761,141.28.230.229,553,141.28.0.0/16,2001:7c0:f00:3c03::2,553,2001:7c0::/32,de,Connected,Yes,48.0475,8.2105,Studierendenwerk Freiburg-Schw,0,0
650,6784,207.226.224.236,3491,207.226.224.0/21,2400:8800:3f10:a::4,3491,2400:8800:2000::/3,de,Connected,Yes,50.1095,8.7015,PCCW Global,0,0
651,6787,62.176.249.60,9136,62.176.224.0/19,2a01:581:1:8::4,9136,2a01:580::/29,de,Connected,Yes,52.4305,10.7915,WOBCOM GmbH,0,0
652,6789,93.88.225.55,44973,93.88.224.0/22,2a02:218:2:232::55,44973,2a02:218::/29,de,Connected,Yes,50.0315,10.5215,Rechenzentrum HaÃŸfurt GmbH,0,0
655,6799,45.83.105.192,197540,45.83.104.0/22,2a03:4000:46:70::1,197540,2a03:4000::/32,de,Connected,Yes,49.4515,11.0815,Tobias Sachs,0,0
656,6802,213.131.234.24,61157,213.131.224.0/19,2a02:cbf4:102::20,61157,2a02:cbf4::/32,de,Connected,Yes,51.1885,6.8675,PlusServer GmbH,0,0
657,6806,212.116.14.178,6659,212.116.0.0/19,2a00:74c0:0:2::20,6659,2a00:74c0::/32,de,Connected,Yes,53.7005,9.9875,PlusServer GmbH,0,0
658,6807,194.233.214.2,6659,194.233.192.0/19,2a00:74c0:0:3::20,6659,2a00:74c0::/32,de,Connected,Yes,53.4805,9.9975,PlusServer GmbH,0,0
659,6812,185.86.232.132,56357,185.86.232.0/22,2a00:4700:0:5::4,56357,2a00:4700::/32,de,Connected,Yes,48.2585,11.6675,Technische UniversitÃ¤t MÃ¼nchen,0,0
660,6813,193.141.27.220,202040,193.141.27.0/24,2a04:d140:1::3,202040,2a04:d140::/29,de,Connected,Yes,48.9485,8.3875,SCT Schiele GmbH,0,0
661,6814,80.237.204.24,61157,80.237.200.0/21,2a02:cbf3:0:a::11,61157,2a02:cbf3::/32,de,Connected,Yes,50.9095,7.0575,PlusServer GmbH,0,0
662,6816,91.240.92.5,207306,91.240.92.0/24,2a0a:d880:0:200::5,207306,2a0a:d880::/44,de,Connected,Yes,51.2705,6.8175,Kevin Schmitz IT,0,0
663,6824,77.220.233.1,42699,77.220.224.0/19,2a02:2878:0:a::1077:1,42699,2a02:2878::/32,de,Connected,Yes,51.0395,13.7285,managedhosting.de GmbH,0,0
664,6826,91.190.224.98,42184,91.190.224.0/21,2a02:f08:203:beef::100,42184,2a02:f08::/32,de,Connected,Yes,52.3105,7.4385,tkrz Stadtwerke GmbH,0,0
665,6838,192.44.83.3,680,192.44.82.0/23,2001:638:a004:1002:192:44:83:3,680,2001:638::/32,de,Connected,Yes,49.5715,11.0285,Friedrich-Alexander-UniversitÃ¤,0,0
666,6842,217.197.95.69,29670,217.197.80.0/20,2001:67c:1405:1019::5,29670,2001:67c:1400::/45,de,Connected,Yes,52.5385,13.2395,Individual Network Berlin e.V.,0,0
667,6855,45.9.86.252,35061,45.9.84.0/22,-,-,-,de,Connected,Yes,52.9295,9.2695,Neue Landbuch GmbH & Co Kg,0,0
668,6857,81.91.160.93,8763,81.91.160.0/20,2a02:568:184:100::20,8763,2a02:568::/32,de,Connected,Yes,50.1205,8.7395,DENIC eG,0,0
669,6858,139.19.117.65,680,139.19.0.0/16,2a02:d480:4c0:10a6::1000,680,2a02:d480::/32,de,Connected,Yes,49.2615,7.0395,Max Planck Institut Informatik,0,0
670,6869,45.86.126.73,213392,45.86.126.0/24,2a0c:9a40:8041:0:1337:cafe:babe:aaaf,213392,2a0c:9a40:8040::/4,de,Connected,Yes,50.4815,12.3305,Tom Siewert,0,0
671,6880,87.253.184.92,35258,87.253.184.0/22,2a00:e400:2:1::a,35258,2a00:e400::/29,de,Connected,Yes,53.6075,10.0315,akquinet outsourcing gGmbH,0,0
672,6894,31.172.2.193,39138,31.172.0.0/18,2a01:a700:4000::1021,39138,2a01:a700::/29,de,Connected,Yes,52.4995,13.3715,rrbone GmbH,0,0
673,6900,94.199.91.189,48328,94.199.88.0/22,2a02:7b01:ffe::189,48328,2a02:7b01::/36,de,Connected,Yes,48.0975,11.5975,retarus GmbH,0,0
674,6908,185.149.214.109,680,185.149.212.0/22,2a02:c6a0:2040:b305:100::d,680,2a02:c6a0::/30,de,Connected,Yes,51.9715,7.5975,FH Muenster,0,0
675,6922,81.20.112.23,39835,81.20.112.0/20,2a03:6880:1:205::23,39835,2a03:6880::/32,de,Connected,Yes,51.5485,9.9285,GÃ¶Tel GmbH,0,0
676,6939,185.150.99.5,212567,185.150.99.0/24,2001:678:ed0:ff00::5,212567,2001:678:ed0::/48,de,Connected,Yes,48.2015,11.5885,Freie Netze MÃ¼nchen e.V.,0,0
677,6940,139.162.139.168,63949,139.162.128.0/19,2a01:7e01::f03c:92ff:fedd:1fa2,63949,2a01:7e01::/32,de,Connected,Yes,50.0975,8.6395,ControlD Inc,0,0
678,6941,185.41.106.81,199938,185.41.106.0/24,2a01:55e0:0:2::f00,199938,2a01:55e0::/29,de,Connected,Yes,53.5475,10.0395,Netzwerge GmbH,0,0
679,6967,46.101.130.201,14061,46.101.128.0/17,2a03:b0c0:3:d0::a64:c001,14061,2a03:b0c0:3::/48,de,Connected,Yes,50.1205,8.7405,DigitalOcean,0,0
680,6979,156.154.76.254,12008,156.154.76.0/24,2610:a1:3028:252::254,12008,2610:a1:3028::/48,de,Connected,Yes,50.1215,8.7405,Neustar,0,0
681,6999,193.27.55.25,15451,193.27.48.0/21,2a00:e50:f154:5180::25,15451,2a00:e50::/29,de,Connected,Yes,49.4515,11.0815,DATEV eG,0,0
682,7004,204.11.3.45,34936,204.11.3.0/24,2001:4ba7:0:10::45,34936,2001:4ba7::/48,de,Connected,Yes,51.2695,6.8175,Daniel Niewerth,0,0
683,7006,5.145.135.67,34953,5.145.128.0/20,2a00:fe0:1:111::2,34953,2a00:fe0::/32,de,Connected,Yes,50.7805,6.1275,RelAix Networks GmbH,0,0
684,7012,213.158.113.5,13101,213.158.96.0/19,2a00:12d0:102::5,13101,2a00:12d0::/29,de,Connected,Yes,54.3185,10.1175,TNG Stadtnetz GmbH,0,0
685,7022,185.70.144.118,200567,185.70.144.0/23,2a05:2a80:1::300,200567,2a05:2a80:1::/48,de,Connected,Yes,53.7385,10.0785,Wireless Logic mdex GmbH,0,0
686,7034,89.106.219.238,39702,89.106.216.0/21,2a01:4d80:216:c1::1,39702,2a01:4d80::/32,de,Connected,Yes,48.7095,8.7385,Sparkassen-IT GmbH & Co. KG,0,0
687,7035,37.157.253.244,24961,37.157.248.0/21,2001:4ba0:ffe0:ffff::4,24961,2001:4ba0::/32,de,Connected,Yes,51.2695,6.8185,myLoc managed IT AG,0,0
688,7036,82.98.65.254,12306,82.98.64.0/18,2a02:2e0:2810:a01:d::1,12306,2a02:2e0::/29,de,Connected,Yes,50.1005,8.6285,Plus.line AG,0,0
689,7054,213.182.2.254,12931,213.182.0.0/19,2001:14e0:0:b::a,12931,2001:14e0::/32,de,Connected,Yes,47.7595,10.3195,IDKOM Networks GmbH,0,0
690,7068,194.125.250.102,204035,194.125.250.0/24,2a06:7f80:0:3::102,204035,2a06:7f80::/29,de,Connected,Yes,51.2715,6.8205,oneCorp GmbH,0,0
691,7069,31.172.2.34,39138,31.172.0.0/18,2a01:a700:4000::84a,39138,2a01:a700::/29,de,Connected,Yes,51.5215,7.3705,rrbone,0,0
692,7075,62.154.179.86,3320,62.154.0.0/15,2003:ca:581a::111,3320,2003::/19,de,Connected,Yes,52.5495,13.4205,KÃ¤the-Kollwitz-Gymnasium Berli,0,0
693,7096,93.90.135.201,47295,93.90.128.0/20,2a03:2400::1:1,47295,2a03:2400::/29,de,Connected,Yes,51.1905,14.3515,NTT DATA Business Solutions Gl,0,0
694,7097,141.98.136.85,56381,141.98.136.0/24,2a09:11c0:1200:210:ffff:ffff:8d62:8855,56381,2a09:11c0:1000::/3,de,Connected,Yes,50.1405,8.7415,level66.network UG (haftungsbe,0,0
695,7117,195.191.197.68,59645,195.191.197.0/24,2a06:d1c0:dead:5::68,59645,2a06:d1c0:dead::/4,de,Connected,Yes,51.2705,6.8175,AS59645,0,0
696,7118,85.233.1.54,29505,85.233.0.0/19,2a07:6c40:1:cc::a,29505,2a07:6c40::/29,de,Disconnected,Yes,53.8715,10.6775,TraveNetz GmbH,5476665,63
697,7141,185.201.145.118,29423,185.201.144.0/22,2a06:2380:0:1::10,29423,2a06:2380::/29,de,Connected,Yes,50.1275,8.5995,gridscale.io,0,0
698,7148,185.245.63.36,208976,185.245.63.0/24,2a12:66c0::36,208976,2a12:66c0::/32,de,Connected,Yes,50.1315,8.5795,FS IT-Systeme UG (haftungsbesc,0,0
699,7151,212.62.68.29,8879,212.62.64.0/19,2a00:1348::1d:0:0:1,8879,2a00:1348::/32,de,Connected,Yes,52.1175,8.6495,DTS Systeme GmbH,0,0
700,7152,212.101.201.29,12437,212.101.192.0/19,2a06:7880:2:2:1d::1,12437,2a06:7880::/29,de,Connected,Yes,51.9585,7.6395,DTS Systeme MÃ¼nster GmbH,0,0
701,7156,193.111.213.213,50030,193.111.213.0/24,2001:678:9c0::446:5,50030,2001:678:9c0::/48,de,Connected,Yes,52.5005,13.3695,system.de - System & Project G,0,0
702,7162,185.35.235.249,59790,185.35.232.0/22,-,-,-,de,Connected,Yes,52.8985,9.2805,rohdeIT,0,0
703,7169,194.145.125.9,39063,194.145.125.0/24,2a06:2900:1125::9,39063,2a06:2900:1125::/4,de,Connected,Yes,50.1215,8.7405,Leitwert GmbH,0,0
704,7176,46.19.61.33,47777,46.19.56.0/21,2a00:1b40:5:ca1e:ffff::15,47777,2a00:1b40::/32,de,Connected,Yes,50.1605,8.7405,gridscale.io,0,0
705,7184,185.32.187.206,208722,185.32.187.0/24,2a02:6bf:7000:d::2,208722,2a02:6b8::/29,de,Connected,Yes,50.1095,8.6815,Global DC Oy,0,0
706,7195,85.236.41.237,15456,85.236.32.0/19,2001:4178:3:1339:85:236:41:237,15456,2001:4178::/29,de,Connected,Yes,48.1995,11.5915,InterNetX GmbH,0,0
707,7196,138.124.150.83,24840,138.124.150.0/24,2001:67c:83c:0:ffff::c,24840,2001:67c:83c::/48,de,Connected,Yes,50.1005,8.6315,gridscale.io,0,0
710,10031,87.186.183.26,3320,87.128.0.0/10,2a0c:7280:3000:0:a2f3:c1ff:fec4:5fab,13058,2a0c:7280::/32,de,Connected,Yes,52.5175,13.4085,FMT32 P2,0,0
714,10052,95.130.22.90,13246,95.130.22.0/24,2a02:2940:0:c002:a2f3:c1ff:fec4:406a,13246,2a02:2940::/32,de,Connected,Yes,48.1885,11.5895,-,0,0
715,10061,213.9.44.138,12676,213.9.0.0/17,2a02:4c00:0:4001::2,12676,2a02:4c00::/40,de,Connected,Yes,51.1875,6.8705,HKN GmbH (www.hkn.de),0,0
719,10188,217.245.161.205,3320,217.224.0.0/11,2003:e1:3f07:4304:a2f3:c1ff:fe96:11e3,3320,2003::/19,de,Connected,Yes,48.7015,9.7115,Eislingen / DTAG VDSL 100/40Mb,0,0
720,10214,156.67.141.164,42652,156.67.128.0/20,2a02:6d40:21af:301:a2f3:c1ff:fec4:5c01,42652,2a02:6d40::/32,de,Connected,Yes,49.5095,6.3775,-,0,0
722,10250,91.59.206.231,3320,91.0.0.0/10,2003:c9:c70f:aa00:a2f3:c1ff:fea6:7175,3320,2003::/19,de,Connected,Yes,53.4875,9.9895,ABÃ¶-DTAG,0,0
723,10251,217.74.1.15,12611,217.74.0.0/21,2001:16e0:216:d301:a2f3:c1ff:fea6:60a0,12611,2001:16e0::/29,de,Connected,Yes,49.0175,12.0995,-,0,0
726,10281,24.134.86.77,3209,24.134.0.0/16,-,-,-,de,Connected,Yes,49.2275,11.0915,Gerd's Probe,0,0
728,10293,193.37.151.128,8489,193.37.151.0/24,2a00:19e0:3004:c07:a2f3:c1ff:fec4:5324,25504,2a00:19e0::/29,de,Connected,Yes,50.2285,8.6115,HBR38,0,0
729,10502,195.27.183.53,1273,195.27.0.0/16,-,-,-,de,Connected,Yes,50.1185,8.6775,AS1273 Vodafone fra-rap-1.vfns,0,0
731,10654,94.134.115.28,8881,94.134.115.0/24,2001:16b8:3933:4f00:fa1a:67ff:fe4d:76eb,8881,2001:16b8:3900::/4,de,Connected,Yes,51.3295,7.9995,-,0,0
733,10738,91.18.223.8,3320,91.0.0.0/10,2003:ed:171d:4900:fa1a:67ff:fe4d:860a,3320,2003::/19,de,Connected,Yes,49.7915,9.6185,"250/40 MBit, 1&1",0,0
737,10811,93.242.163.172,3320,93.192.0.0/10,2003:6:21d4:b2cc:a2f3:c1ff:fe9c:a1f9,3320,2003::/19,de,Connected,Yes,52.5275,13.8675,Bln::Strausberg,0,0
739,10826,217.230.33.121,3320,217.224.0.0/11,2003:cb:1704:f000:fa1a:67ff:fe4d:750f,3320,2003::/19,de,Connected,Yes,50.0005,8.8785,-,0,0
740,10838,-,-,-,2a02:8106:8:670c:fa1a:67ff:fe4d:7512,3209,2a02:8100::/27,de,Connected,Yes,52.5115,13.2685,L27.BER,0,0
742,10864,91.8.31.149,3320,91.0.0.0/10,2003:e6:f36:c7c0:a2f3:c1ff:fec4:4855,3320,2003::/19,de,Connected,Yes,49.8595,8.5505,-,0,0
746,10915,91.220.244.46,61967,91.220.244.0/24,2a04:1600:ff:0:fa1a:67ff:fe4d:7489,61967,2a04:1600::/29,de,Connected,Yes,49.0495,8.5275,telematis.de,0,0
747,10920,145.224.73.186,14593,145.224.72.0/21,-,-,-,de,Connected,Yes,48.3375,10.4485,-,0,0
749,10976,-,-,-,2a0a:a548:a18a:1:fa1a:67ff:fe52:e518,8422,2a0a:a540::/28,de,Connected,Yes,50.9705,6.9005,-,0,0
752,11059,91.12.100.180,3320,91.0.0.0/10,2003:cb:c715:7800:fa1a:67ff:fe4d:82e5,3320,2003::/19,de,Connected,Yes,48.1215,11.6095,-,0,0
753,11069,79.201.36.196,3320,79.192.0.0/10,2003:df:9f15:df00:fa1a:67ff:fe4d:7f1e,3320,2003::/19,de,Connected,Yes,49.8815,11.0205,-,0,0
756,11106,188.192.212.125,3209,188.192.0.0/14,2a02:810d:a80:38bc:fa1a:67ff:fe4d:732b,3209,2a02:8100::/27,de,Connected,Yes,48.0505,10.4975,Home,0,0
757,11135,195.253.30.239,15763,195.253.30.0/24,2a03:f580:81bc:fc00:fa1a:67ff:fe4d:751c,15763,2a03:f580::/32,de,Connected,Yes,51.5095,7.4685,DOKOM21 RIPE Atlas Probe #2,0,0
758,11150,212.29.34.210,15763,212.29.32.0/19,2a03:f580:7004:10:212:29:34:210,15763,2a03:f580::/32,de,Connected,Yes,51.4975,7.5295,DOKOM21 RIPE Atlas Probe #1,0,0
759,11158,109.43.178.58,3209,109.40.0.0/14,-,-,-,de,Connected,Yes,47.7615,7.5695,Parnassos,0,0
760,11166,193.22.2.99,28748,193.22.2.0/24,2001:650::fa1a:67ff:fe52:e529,28748,2001:650::/29,de,Connected,Yes,50.9005,10.8805,AlphaCron - RIPE Atlas Probe,0,0
761,11176,78.35.59.95,8422,78.34.0.0/15,2001:4dd7:e2c0:0:fa1a:67ff:fe4d:85fc,8422,2001:4dd0::/29,de,Connected,Yes,50.7405,7.1005,-,0,0
763,11185,139.18.11.1,680,139.18.0.0/16,2001:638:902:2000:fa1a:67ff:fe4d:76ab,680,2001:638::/32,de,Connected,Yes,51.3395,12.3815,-,0,0
771,11285,31.172.112.66,60955,31.172.112.0/23,2a04:2200:bad:e00::66,60955,2a04:2200::/32,de,Connected,Yes,49.4095,11.1315,-,0,0
772,11288,93.132.155.157,6805,93.128.0.0/13,-,-,-,de,Connected,Yes,50.7015,7.0515,Troles,0,0
774,11299,62.226.21.19,3320,62.224.0.0/14,-,-,-,de,Disconnected,Yes,51.4615,7.9815,atlas.fundm.eu,418538,4
778,11421,178.7.211.140,3209,178.0.0.0/12,fd00::fa1a:67ff:fe4d:7d69,-,-,de,Connected,Yes,52.2675,10.4985,matrixelement,0,0
779,11463,134.155.48.39,553,134.155.0.0/16,-,-,-,de,Connected,Yes,49.4785,8.4705,radioaktiv @ uni-ma,0,0
782,11616,208.69.33.79,36692,208.69.33.0/24,-,-,-,de,Connected,Yes,50.1405,8.7375,Frankfurt,0,0
785,11656,-,-,-,2a02:8106:20c:9700:fa1a:67ff:fe4d:7197,3209,2a02:8100::/27,de,Disconnected,Yes,49.2105,10.6195,-,7096602,82
787,11707,92.117.230.85,8881,92.117.224.0/19,2001:9e8:3026:d600:fa1a:67ff:fe52:f306,8881,2001:9e8:2000::/35,de,Connected,Yes,49.0005,8.4675,IONOS Burner,0,0
793,11815,2.201.137.231,3209,2.200.0.0/13,-,-,-,de,Connected,Yes,53.5695,9.9475,spalanzani,0,0
797,11863,31.16.226.171,3209,31.16.0.0/14,2a02:8108:3e40:ff0:fa1a:67ff:fe4d:78f7,3209,2a02:8100::/27,de,Connected,Yes,53.3485,10.2205,RIPE-Probe001,0,0
804,11942,185.21.165.3,60351,185.21.164.0/22,2a00:8140:1000:2::2,60351,2a00:8140:1000::/3,de,Connected,Yes,49.2785,7.1095,Geib IT DC (IGB),0,0
805,11952,91.60.28.57,3320,91.0.0.0/10,2003:c3:672d:3701:a2f3:c1ff:fec4:5dd7,3320,2003::/19,de,Connected,Yes,50.9385,11.5595,250MBit/s Telekom DSL,0,0
807,11974,84.176.229.45,3320,84.128.0.0/10,2003:e5:1717:4400:a2f3:c1ff:fec4:491f,3320,2003::/19,de,Connected,Yes,50.7195,7.0205,Wolfram's V3 Probe,0,0
808,11990,5.61.175.72,58243,5.61.168.0/21,-,-,-,de,Connected,Yes,52.5075,13.4415,Ansi Home,0,0
812,12028,87.139.198.61,3320,87.128.0.0/10,2003:a:c45:f600:a2f3:c1ff:fec4:5dce,3320,2003::/19,de,Connected,Yes,52.5115,13.4485,-,0,0
815,12038,92.117.203.79,8881,92.117.192.0/19,2001:9e8:a1a4:2c00:a2f3:c1ff:fec4:48d7,8881,2001:9e8:a000::/35,de,Connected,Yes,49.3715,8.2485,A8881 1&1 Versatel  VDSL 50/10,0,0
819,12092,91.48.156.130,3320,91.0.0.0/10,2003:c7:7f0a:f501:a2f3:c1ff:fec4:49b2,3320,2003::/19,de,Connected,Yes,47.7085,9.5515,AS3320 Telekom VDSL 200/40 [IP,0,0
823,12117,62.226.140.10,3320,62.224.0.0/14,-,-,-,de,Connected,Yes,49.9405,8.9075,Hergershausen,0,0
824,12118,80.187.109.139,3320,80.187.0.0/16,-,-,-,de,Connected,Yes,51.2015,9.7275,T-Com; ADSL 16M/1M,0,0
825,12125,212.12.62.93,9211,212.12.56.0/21,-,-,-,de,Disconnected,Yes,53.5495,9.9885,-,878636,10
828,12177,80.132.149.7,3320,80.128.0.0/12,-,-,-,de,Connected,Yes,50.9605,9.7605,-,0,0
829,12211,81.173.192.100,8422,81.173.128.0/17,2001:4dd0:200:402::8422,8422,2001:4dd0::/32,de,Connected,Yes,50.9375,6.8875,-,0,0
832,12239,84.133.46.70,3320,84.128.0.0/10,2003:e7:ef1b:3f00:a2f3:c1ff:fec4:5ed6,3320,2003::/19,de,Connected,Yes,48.7415,9.0885,T-DSL @ Stuttgart - Vaihingen,0,0
834,12264,89.247.173.222,8881,89.247.160.0/20,2001:9e8:213:0:a2f3:c1ff:fec4:5e03,8881,2001:9e8::/35,de,Connected,Yes,52.4695,13.4205,Homenode,0,0
835,12298,93.227.177.70,3320,93.192.0.0/10,2003:fc:d70d:b42:a2f3:c1ff:fec4:49bd,3320,2003::/19,de,Connected,Yes,52.5415,13.4015,-,0,0
840,12583,185.66.194.84,201701,185.66.194.0/24,2a03:2260:2342:100:fa1a:67ff:fe4d:8685,201701,2a03:2260:2000::/3,de,Connected,Yes,51.7085,8.7715,FF-U-Probe,0,0
841,12707,188.174.172.229,8767,188.174.0.0/16,2001:a61:10a0:5101:fa1a:67ff:fe4d:8818,8767,2001:a60::/29,de,Connected,Yes,48.1405,11.5775,End customer behind M-Net ADSL,0,0
842,12712,185.66.195.95,201701,185.66.195.0/24,2a03:2260:2342:100:a2f3:c1ff:fec4:3ff8,201701,2a03:2260:2000::/3,de,Connected,Yes,51.6885,8.7375,FF-V-Probe,0,0
843,12716,212.89.129.164,9188,212.89.128.0/19,-,-,-,de,Connected,Yes,49.2405,6.9975,INFOSERVE,0,0
844,12724,193.149.48.133,5539,193.149.32.0/19,2001:608:4:0:a2f3:c1ff:fec4:5aaf,5539,2001:608::/32,de,Connected,Yes,48.1395,11.5785,SpaceNet customer link,0,0
846,12935,77.185.3.22,6805,77.176.0.0/12,2a01:c22:cdf5:4b00:a2f3:c1ff:fec4:5e86,6805,2a01:c00::/26,de,Connected,Yes,50.0695,8.8385,-,0,0
848,12944,212.77.164.140,12611,212.77.160.0/19,-,-,-,de,Connected,Yes,49.0095,12.0995,"Alfons-Auer-8e, Regensburg",0,0
851,13002,87.123.160.63,8881,87.123.160.0/20,2001:16b8:2d7:7a00:a2f3:c1ff:fec4:4421,8881,2001:16b8:200::/40,de,Connected,Yes,52.0185,7.6675,Home probe :-),0,0
854,13049,94.134.61.130,8881,94.134.0.0/18,2001:9e8:201:9e01:a2f3:c1ff:fec4:4d34,8881,2001:9e8::/35,de,Connected,Yes,52.4415,13.4395,-,0,0
858,13086,62.214.70.46,8881,62.214.0.0/16,2001:1438:2009:c129:a2f3:c1ff:fec4:4772,8881,2001:1438::/32,de,Connected,Yes,49.5805,11.0215,Student Dorm HaWo,0,0
859,13106,176.199.211.7,3209,176.199.0.0/16,2a02:8071:886:c520:a2f3:c1ff:fec4:3a96,3209,2a02:8071::/32,de,Connected,Yes,49.3905,8.7875,-,0,0
864,13190,185.16.196.0,203520,185.16.196.0/24,2a03:dfc0:0:ca:a2f3:c1ff:fec4:5752,203520,2a03:dfc0::/48,de,Connected,Yes,50.0775,8.6315,-,0,0
866,13198,91.207.16.58,48344,91.207.16.0/24,2001:67c:140:140f::2,48344,2001:67c:140::/48,de,Connected,Yes,50.1015,8.6315,-,0,0
867,13201,91.3.145.150,3320,91.0.0.0/10,2003:d1:6f12:2700:a2f3:c1ff:fec4:5b34,3320,2003::/19,de,Connected,Yes,54.3075,10.1175,-,0,0
871,13267,217.144.137.126,15987,217.144.128.0/20,2a02:a00::fffd:0:0:126,15987,2a02:a00::/34,de,Connected,Yes,51.2605,7.1505,Portunity - Datacenter Wuppert,0,0
873,13314,87.147.55.211,3320,87.128.0.0/10,2003:d0:af15:c100:a2f3:c1ff:fec4:5bc1,3320,2003::/19,de,Connected,Yes,50.7695,12.0575,Homebase Weida,0,0
880,13430,185.35.216.50,198726,185.35.216.0/22,2a07:6fc0:6:20:a2f3:c1ff:fec4:5ad0,34549,2a07:6fc0::/29,de,Connected,Yes,51.1275,6.9585,NevaKee.de - AS198726 v4 - AS3,0,0
885,13477,131.173.17.239,680,131.173.0.0/16,2001:638:508:100::83ad:11ef,680,2001:638::/32,de,Connected,Yes,52.2805,8.0305,-,0,0
886,13488,217.225.245.68,3320,217.224.0.0/11,2003:c0:1705:c200:a2f3:c1ff:fec4:507f,3320,2003::/19,de,Connected,Yes,49.3415,11.0115,-,0,0
896,13646,193.25.173.99,29551,193.25.173.0/24,2a01:440:1::1:dead,29551,2a01:440::/29,de,Connected,Yes,50.1105,8.7395,@AIXIT,0,0
899,13662,79.219.38.96,3320,79.192.0.0/10,2003:c1:d721:ad00:a2f3:c1ff:fec4:6461,3320,2003::/19,de,Connected,Yes,51.6385,8.5105,Telekom VDSL 100 Geseke,0,0
900,13677,95.222.232.63,3209,95.222.0.0/16,-,-,-,de,Connected,Yes,51.7205,8.7605,Beck's UnityMedia 300/10 Mbit/,0,0
904,13939,46.16.72.9,51862,46.16.72.0/21,2a02:2478:1:10::9,51862,2a02:2478::/32,de,Disconnected,Yes,49.0015,8.4585,atlas1.fkb.profitbricks.net,2657317,30
906,13955,185.144.92.211,211417,185.144.92.0/22,2a03:a920:1000:1005:fa1a:67ff:fe4d:7663,211417,2a03:a920::/32,de,Connected,Yes,49.3895,8.6695,"Heidelberg, Germany",0,0
908,13972,81.3.3.98,24679,81.3.0.0/18,2a02:790:1:e::2,24679,2a02:790::/32,de,Connected,Yes,52.3285,9.7805,AS24679,0,0
915,14091,185.41.106.82,199938,185.41.106.0/24,2a01:55e0:0:2:6666:b3ff:feb0:dc84,199938,2a01:55e0::/29,de,Connected,Yes,53.5475,10.0415,Netzwerge GmbH DCHAM,0,0
916,14111,109.90.179.1,3209,109.90.0.0/16,-,-,-,de,Connected,Yes,51.2175,6.7675,-,0,0
917,14139,79.226.91.35,3320,79.192.0.0/10,2003:de:2704:1600:6666:b3ff:feb0:ef52,3320,2003::/19,de,Connected,Yes,50.2215,8.6285,@home Telekom 100/40,0,0
918,14149,91.20.97.5,3320,91.0.0.0/10,2003:dc:3f30:d600:6666:b3ff:feb0:b16a,3320,2003::/19,de,Disconnected,Yes,52.2115,9.0195,VDSL100 via AS3320,470936,5
922,14216,130.185.1.129,12611,130.185.0.0/18,-,-,-,de,Connected,Yes,49.0105,12.1175,Binary Kitchen e.V.,0,0
930,14294,94.114.14.52,3209,94.114.0.0/16,2a02:908:fbd1:efc3:6666:b3ff:feb0:dd44,3209,2a02:908:8000::/33,de,Connected,Yes,51.4995,7.5515,-,0,0
936,14332,90.187.0.245,3209,90.187.0.0/16,2a02:8106:0:6900:6666:b3ff:feb0:e118,3209,2a02:8100::/27,de,Disconnected,Yes,52.4485,13.1285,jwd (Vodafone Kabel),2805492,32
941,14369,78.55.6.233,6805,78.48.0.0/13,2a01:c23:6513:5800:6666:b3ff:feb0:f27a,6805,2a01:c00::/26,de,Connected,Yes,52.5315,13.3505,turm11,0,0
942,14377,158.181.79.111,20880,158.181.76.0/22,2a02:2454:7d5f:e901:6666:b3ff:feb0:f27e,20880,2a02:2454::/33,de,Connected,Yes,52.5605,13.4505,schmohl4,0,0
945,14502,-,-,-,2a01:c22:ade2:3a01:6666:b3ff:feb0:ec92,6805,2a01:c00::/26,de,Connected,Yes,52.4085,13.4975,"O2 VDSL, Berlin-Rudow, German",0,0
949,14521,88.150.57.68,43341,88.150.0.0/17,2a0c:d242:3519:5800:6666:b3ff:feb0:de74,43341,2a0c:d240::/29,de,Connected,Yes,52.1075,11.6385,benthor,0,0
950,14525,62.153.5.124,3320,62.153.0.0/16,2003:c8:3712:6400:6666:b3ff:feb0:e2bc,3320,2003::/19,de,Connected,Yes,49.8995,11.0285,Melkendorf,0,0
952,14529,87.151.169.119,3320,87.128.0.0/10,2003:f7:9f05:4800:6666:b3ff:feb0:ef6c,3320,2003::/19,de,Connected,Yes,48.8615,9.1785,"Rince @ Kornwestheim, T-Kom Fi",0,0
954,14596,93.243.205.142,3320,93.192.0.0/10,2003:6:237e:7c67:6666:b3ff:feb0:e022,3320,2003::/19,de,Connected,Yes,52.5305,13.3315,-,0,0
956,14598,92.192.69.89,20676,92.192.0.0/13,-,-,-,de,Connected,Yes,50.7815,8.8115,FTTH connection at 'Stadtwerke,0,0
959,14618,91.12.101.146,3320,91.0.0.0/10,2003:cb:c729:9300:6666:b3ff:feb0:b0c6,3320,2003::/19,de,Connected,Yes,48.1515,11.5375,DE - Munich-Neuhausen (Telekom,0,0
963,14667,91.14.103.120,3320,91.0.0.0/10,-,-,-,de,Connected,Yes,53.5405,10.1705,112server.de,0,0
966,14685,79.253.119.21,3320,79.192.0.0/10,2003:f1:b73b:bb02:6666:b3ff:feb0:f304,3320,2003::/19,de,Connected,Yes,49.6395,12.0415,Basler,0,0
967,14694,80.142.137.23,3320,80.128.0.0/12,2003:e9:770e:9e00:6666:b3ff:feb0:e106,3320,2003::/19,de,Connected,Yes,52.5895,13.4315,teh dude's one,0,0
969,14719,93.241.83.237,3320,93.192.0.0/10,2003:a:2713:ed00:6666:b3ff:feb0:e806,3320,2003::/19,de,Connected,Yes,48.6115,11.7475,Mainburg,0,0
978,14803,87.123.20.165,8881,87.123.0.0/19,2001:9e8:69e4:1500:6666:b3ff:feb0:ad30,8881,2001:9e8:6000::/35,de,Connected,Yes,52.2785,10.5175,Stratum 0,0,0
981,14894,80.130.149.1,3320,80.128.0.0/12,2003:f1:cf0a:2c2:6666:b3ff:feb0:dee0,3320,2003::/19,de,Connected,Yes,50.8295,12.9415,ChCh,0,0
982,14895,212.3.65.45,24637,212.3.64.0/19,2a02:3033:b:1780:6666:b3ff:feb0:ecf6,6805,2a02:3000::/23,de,Connected,Yes,51.9395,7.6415,warpzone e.V. RIPE-Atlas v3,0,0
988,15049,95.223.75.28,3209,95.223.0.0/16,2a02:908:1e0:b600:6666:b3ff:feb0:ce36,3209,2a02:908::/33,de,Connected,Yes,50.1315,8.6895,gdr-probe,0,0
990,15087,77.20.26.67,3209,77.20.0.0/14,2a02:8108:96c0:21d8:6666:b3ff:feb0:d72a,3209,2a02:8100::/27,de,Connected,Yes,51.5005,9.7515,-,0,0
993,15128,87.173.54.220,3320,87.128.0.0/10,2003:ca:1f16:ccd0:6666:b3ff:fec5:1444,3320,2003::/19,de,Connected,Yes,49.4515,10.9185,-,0,0
995,15143,84.147.198.204,3320,84.128.0.0/10,-,-,-,de,Disconnected,Yes,50.5085,7.2895,atlas.breisig.,1812544,20
996,15146,79.245.158.234,3320,79.192.0.0/10,2003:cb:b70a:7c00:6666:b3ff:fec5:1166,3320,2003::/19,de,Connected,Yes,49.4805,8.4695,-,0,0
