,id,address_v4,asn_v4,prefix_v4,address_v6,asn_v6,prefix_v6,country,status,is_public,latitude,longitude,description,lastWeekOn,lastMonthOn,allTimeOn
0,5,83.163.239.181,3265,83.160.0.0/14,2001:981:602b:1:220:4aff:fec8:2355,3265,2001:980::/30,es,Abandoned,Yes,36.8295,-2.4625,-,0.0,0.0,0.4447
1,47,-,20815,80.64.47.0/24,-,-,-,es,Connected,No,41.9705,2.8095,Probe-1@GRN,,,
2,147,212.49.129.251,8903,212.49.128.0/23,2001:ac0::220:4aff:febf:fd49,8903,2001:ac0::/32,es,Abandoned,Yes,40.5205,-3.6705,AS8903 BT Spain Labs,0.0,0.0,0.5101
3,155,-,-,-,-,-,-,es,Abandoned,Yes,40.4195,-3.7005,Vodafone IPv4 only,0.0,0.0,0.1757
4,179,-,-,-,-,-,-,es,Abandoned,No,40.6015,-3.9795,DEAD,,,
5,199,192.148.201.129,766,192.148.201.0/24,-,-,-,es,Abandoned,Yes,40.4515,-3.6885,RedIRIS,0.0,0.0,0.5748
6,300,-,3352,83.58.0.0/16,-,3352,2a02:9000::/23,es,Abandoned,No,40.5475,-3.6325,Movistar service,,,
7,334,88.20.5.109,3352,88.20.0.0/16,-,-,-,es,Connected,Yes,37.9895,-1.1315,Broadband home connection,0.9962000000000001,0.9944,0.6464
8,341,213.0.69.132,3352,213.0.0.0/16,2001:470:1f1d:275:220:4aff:fec8:2405,6939,2001:470::/32,es,Connected,Yes,40.5975,-3.9805,Oficina,0.9993000000000001,0.9984000000000001,0.9754999999999999
9,349,-,-,-,-,-,-,es,Abandoned,No,40.5315,-3.6305,Sarenet Service,,,
10,398,-,3352,81.35.0.0/16,-,-,-,es,Abandoned,No,41.9215,1.2015,"Casa Ponts, Josep Closa 25",,,
11,405,-,766,138.4.0.0/16,-,766,2001:720::/32,es,Abandoned,No,40.4495,-3.7325,ETSI TelecomunicaciÃ³n - Univer,,,
12,415,-,-,-,-,-,-,es,Abandoned,Yes,40.4895,-3.8725,Las Rozas,0.0,0.0,0.177
13,417,217.18.40.10,15954,217.18.32.0/20,2a01:a940:7766:1:220:4aff:fec8:25c8,15954,2a01:a940::/32,es,Connected,Yes,40.4905,-3.6925,Tecnocratica MAD1 (Ex Colgajit,0.9991,0.9991,0.607
14,448,2.138.19.48,3352,2.138.0.0/16,-,-,-,es,Abandoned,Yes,40.5915,-4.1505,JPC Pizarra Probe,0.0,0.0,0.7118000000000001
15,478,-,-,-,-,-,-,es,Abandoned,Yes,41.2815,1.9805,Casa,0.0,0.0,0.0177
16,575,217.217.130.55,6739,217.217.128.0/20,-,-,-,es,Abandoned,Yes,36.1695,-5.3495,ipv5,0.0,0.0,0.5748
17,632,-,-,-,2001:470:1f09:495:220:4aff:febf:ffaf,6939,2001:470::/32,es,Disconnected,Yes,40.5985,-3.9815,Casa,0.0,0.0,0.9540000000000001
18,640,80.67.96.65,8426,80.67.96.0/20,-,-,-,es,Abandoned,Yes,41.3575,2.1295,Claranet ES Office,0.0,0.0,0.5649000000000001
19,659,84.88.1.18,13041,84.88.0.0/16,-,-,-,es,Abandoned,Yes,41.3915,2.1095,CSUC - Anella CientÃ­fica,0.0,0.0,0.4346
20,660,-,15704,213.194.128.0/20,-,-,-,es,Abandoned,No,37.3375,-5.9295,japi,,,
21,676,-,52037,46.37.96.0/24,-,-,-,es,Abandoned,No,40.4005,-3.6795,-,,,
22,679,-,12924,213.236.12.0/23,-,-,-,es,Abandoned,No,37.3815,-5.9995,Montes Sierra,,,
23,715,-,3352,79.147.0.0/16,-,-,-,es,Connected,No,36.6995,-4.4525,Octanio Office Router,,,
24,805,-,-,-,-,-,-,es,Abandoned,No,40.5195,-3.9325,ADSL Jazztel Edu,,,
25,848,-,15810,89.107.182.0/24,-,-,-,es,Abandoned,No,40.6015,-3.7105,BBVA-TC1,,,
26,902,84.88.32.113,13041,84.88.0.0/16,-,-,-,es,Abandoned,Yes,41.2785,1.9775,i2CAT Foundation - School of T,0.0,0.0,0.3849
27,1307,147.83.206.82,13041,147.83.0.0/16,-,-,-,es,Abandoned,Yes,41.3905,2.1075,i2CAT Foundation,0.0,0.0,0.1084
28,1531,185.44.28.215,29119,185.44.28.0/22,fdbb:7440:7714:0:220:4aff:fec8:24ac,-,-,es,Connected,Yes,37.9675,-1.2215,n0p's home,1.0,0.9892,0.9716
29,2001,87.220.48.127,12479,87.220.48.0/22,-,-,-,es,Disconnected,Yes,43.3175,-1.9825,Jazztel IPv4 only,0.0,0.0,0.6689
30,2023,88.3.148.68,3352,88.3.0.0/16,2a02:9140:5281:2800:220:4aff:fee0:220a,3352,2a02:9000::/23,es,Disconnected,Yes,40.3985,-3.7215,AS3352 Probe v2,0.0,0.0,0.9637
31,2231,80.102.141.177,12479,80.102.128.0/20,-,-,-,es,Abandoned,Yes,41.3775,2.1185,Toots home router,0.0,0.0,0.27140000000000003
32,2247,-,29680,193.22.119.0/24,-,-,-,es,Abandoned,No,41.4905,2.1395,Voztelecom,,,
33,2394,-,-,-,-,-,-,es,Abandoned,No,40.3895,-3.6085,AS51678,,,
34,2406,193.146.134.103,766,193.144.0.0/14,-,-,-,es,Abandoned,Yes,40.4605,-3.4825,Eumetsat BUCC internet,0.0,0.0,0.6624
35,2454,-,-,-,-,-,-,es,Abandoned,Yes,40.4595,-3.6905,martinandrino,0.0,0.0,0.163
36,2492,88.6.96.34,3352,88.6.0.0/16,-,-,-,es,Abandoned,Yes,40.3985,-3.6985,macias,0.0,0.0,0.3194
37,2574,-,-,-,-,-,-,es,Abandoned,Yes,42.8495,-2.6695,42's WiMAX,0.0,0.0,0.07139999999999999
38,2595,-,3352,88.5.0.0/16,-,-,-,es,Abandoned,No,41.6495,-0.8785,Zaragoza,,,
39,2604,37.46.88.25,57929,37.46.88.0/21,-,-,-,es,Connected,Yes,40.4495,-3.5725,Octanio AS,0.9981,0.9993000000000001,0.9804
40,2639,79.152.40.237,3352,79.152.0.0/16,-,-,-,es,Abandoned,Yes,41.4115,2.2185,TelefonicaResearch,0.0,0.0,0.6603
41,2740,79.116.15.40,57269,79.116.0.0/15,2a0c:5a85:a301:4400:220:4aff:fee0:2308,57269,2a0c:5a80::/29,es,Connected,Yes,37.3175,-5.9405,kerkhoff_HOME,0.9995999999999999,0.9987999999999999,0.3432
42,2813,-,12357,81.202.120.0/21,-,-,-,es,Abandoned,No,39.4685,-0.3825,-,,,
43,3236,-,-,-,-,-,-,es,Abandoned,No,40.4005,-0.0015,-,,,
44,3320,-,3352,83.37.0.0/16,-,-,-,es,Abandoned,No,41.3875,2.1485,Aribau,,,
45,3471,-,3352,88.4.0.0/16,-,-,-,es,Connected,No,41.6475,-0.8895,Office,,,
46,3712,79.148.251.62,3352,79.148.0.0/16,-,-,-,es,Connected,Yes,40.4485,-3.7925,-,1.0,0.9998999999999999,0.9113
47,3720,193.145.14.94,766,193.144.0.0/14,2001:720:458:a:280:a3ff:fe91:3b8f,766,2001:720::/32,es,Abandoned,Yes,40.4175,-3.7015,IMDEA N.,0.0,0.0,0.1754
48,3726,83.48.64.37,3352,83.48.0.0/16,-,-,-,es,Connected,Yes,40.4305,-3.7115,JPC - CNC Madrid,1.0,1.0,0.8584
49,3748,-,15954,217.18.32.0/20,-,15954,2a01:a940::/32,es,Connected,No,40.4915,-3.6905,Tecnocratica MAD0,,,
50,3755,-,3352,88.12.0.0/16,-,3352,2a02:9000::/23,es,Connected,No,40.3495,-3.6805,-,,,
51,3758,-,-,-,-,-,-,es,Abandoned,Yes,36.6015,-4.5205,adsl,0.0,0.0,0.0319
52,3779,-,-,-,-,-,-,es,Never Connected,Yes,41.3115,2.0805,-,0.0,0.0,0.0
53,3785,80.39.56.70,3352,80.39.0.0/16,2001:470:7f1d:cafe:220:4aff:fee0:2832,6939,2001:470::/32,es,Connected,Yes,40.4495,-3.6485,Madrid,0.9967,0.9987999999999999,0.767
54,4048,150.241.254.254,766,150.241.128.0/17,-,-,-,es,Connected,Yes,43.3115,-2.0105,-,0.9983,0.48700000000000004,0.9577
55,4053,158.227.98.1,15488,158.227.0.0/16,-,-,-,es,Connected,Yes,43.2585,-2.9505,-,1.0,0.9992,0.8234
56,4068,-,15488,158.227.0.0/16,-,-,-,es,Abandoned,No,43.2615,-2.9495,-,,,
57,4143,88.13.67.12,3352,88.13.0.0/16,2a02:9140:6b80:3500:280:a3ff:fe91:3a5a,3352,2a02:9000::/23,es,Connected,Yes,43.2685,-2.9505,-,0.44079999999999997,0.4407,0.6069
58,4640,85.217.139.195,200845,85.217.138.0/23,-,-,-,es,Connected,Yes,38.0575,-0.8705,ROBSPROBE,1.0,0.9998999999999999,0.9912000000000001
59,4662,147.83.206.82,13041,147.83.0.0/16,-,-,-,es,Abandoned,Yes,41.3885,2.1705,-,0.0,0.0,0.1821
60,4730,185.14.56.14,202054,185.14.56.0/22,-,-,-,es,Abandoned,Yes,37.9575,-1.2015,OFICINA,0.0,0.0,0.255
61,4828,147.84.200.125,39069,147.84.0.0/16,2a00:db40:0:1:280:a3ff:fe91:42e2,39069,2a00:db40::/32,es,Abandoned,Yes,37.9815,-1.1215,Comunidad AutÃ³noma RegiÃ³n Murc,0.0,0.0,0.5003
62,4931,109.234.82.2,13287,109.234.82.0/23,2a02:23a0:1111:3::2,13287,2a02:23a0::/32,es,Abandoned,Yes,39.5175,-0.4715,NIXVAL RIPE_ATLAS_R4_PROBE1,0.0,0.0,0.6392
63,5010,88.20.32.113,3352,88.20.0.0/16,-,-,-,es,Connected,Yes,37.9875,-1.1325,Julio's Probe,0.9769,0.9862000000000001,0.7081999999999999
64,5011,88.1.227.67,3352,88.1.0.0/16,-,-,-,es,Abandoned,Yes,40.4975,-4.0725,Valdemorillo,0.0,0.0,0.3625
65,6048,84.88.18.254,13041,84.88.0.0/16,2001:40b0:2::2,13041,2001:40b0::/32,es,Abandoned,Yes,41.3915,2.1095,CSUC,0.0,0.0,0.39039999999999997
66,6124,163.117.253.5,766,163.117.0.0/16,2001:720:410:3035:200:24ff:fed1:5dcc,766,2001:720::/32,es,Abandoned,Yes,40.3295,-3.7715,University Carlos III of Madri,0.0,0.0,0.4803
67,6352,84.88.18.254,13041,84.88.0.0/16,2001:40b0:2::2,13041,2001:40b0::/32,es,Connected,Yes,41.3885,2.1095,CSUC - Consorci de Serveis Uni,1.0,1.0,0.9995
68,6604,31.47.76.181,15954,31.47.72.0/21,2a01:a940:445:d::1,15954,2a01:a940::/32,es,Connected,Yes,40.4895,-3.6925,"TecnocrÃ¡tica Centro de Datos,",0.9982,0.9992,0.9914000000000001
69,6668,92.38.171.55,202422,92.38.171.0/24,2a03:90c0:246::2e,199524,2a03:90c0:240::/44,es,Connected,Yes,40.5815,-3.5795,G-Core Labs S.A.,1.0,1.0,0.9995
70,6687,147.84.200.125,39069,147.84.0.0/16,-,-,-,es,Connected,Yes,37.9905,-1.1285,CARM - Comunidad AutÃ³noma de M,1.0,1.0,0.9998999999999999
71,6732,163.117.253.5,766,163.117.0.0/16,2001:720:410:3035:200:24ff:fed1:5dcc,766,2001:720::/32,es,Abandoned,Yes,40.3285,-3.7715,UC3M,0.0,0.0,0.6833
72,6819,185.22.200.38,197712,185.22.200.0/22,-,-,-,es,Abandoned,Yes,41.3515,2.1375,10dencehispahard SL,0.0,0.0,0.5661999999999999
73,6926,194.156.155.241,48386,194.156.155.0/24,2a0d:5642:113:201:5054:ff:fe7c:cc09,48386,2a0d:5642:113::/48,es,Connected,Yes,40.4405,-3.6215,"Misaka Network, Inc.",0.9992,0.9995999999999999,0.9779000000000001
74,6980,156.154.79.254,12008,156.154.79.0/24,2610:a1:3034:252::254,12008,2610:a1:3034::/48,es,Disconnected,Yes,40.4475,-3.5685,Neustar,0.0,0.0,0.8740000000000001
75,7017,82.98.154.62,42612,82.98.128.0/18,2a02:be8:3:200:216:3eff:fe7b:2391,42612,2a02:be8::/32,es,Connected,Yes,40.4405,-3.6225,Dinahosting S.L.,1.0,0.9998,0.9998
76,7086,37.46.78.66,15699,37.46.72.0/21,2a00:6640:e:101:f816:3eff:fe48:e511,15699,2a00:6640::/32,es,Connected,Yes,40.5105,-3.3385,"Adam Ecotech, S.A.",1.0,1.0,0.9998999999999999
77,7089,94.24.115.154,15699,94.24.112.0/20,2a01:1c8:e:101::a,15699,2a01:1c8::/32,es,Connected,Yes,41.4915,2.1215,"Adam Ecotech, S.A.",1.0,0.9998,0.9998999999999999
78,7289,5.180.228.37,8637,5.180.228.0/24,2a0b:c800:1:ffff::1501:2,8637,2a0b:c800:1::/48,es,Connected,Yes,40.4415,-3.6185,"SpainWISP, S.L.",1.0,1.0,1.0
79,10055,-,-,-,-,-,-,es,Abandoned,Yes,37.9695,-1.1805,NONDUERMAS,0.0,0.0,0.0021
80,10063,83.37.49.250,3352,83.37.0.0/16,-,-,-,es,Abandoned,Yes,41.5485,2.1105,-,0.0,0.0,0.20620000000000002
81,10071,185.14.56.14,202054,185.14.56.0/24,-,-,-,es,Abandoned,Yes,39.5175,-0.4695,VALENCIA,0.0,0.0,0.1116
82,10072,89.141.136.226,6739,89.141.128.0/17,-,-,-,es,Abandoned,Yes,37.9685,-1.2095,ALCANTARILLA,0.0,0.0,0.2425
83,10237,110.93.11.66,35699,110.93.8.0/22,-,-,-,es,Connected,Yes,41.3905,2.1685,Hemma BCN,1.0,0.9995999999999999,0.8941
84,10268,-,3352,195.77.0.0/16,-,-,-,es,Abandoned,No,41.6515,-0.9795,CPD,,,
85,10809,-,-,-,-,-,-,es,Abandoned,Yes,41.2715,1.9975,Castelldefels home (Vodafone),0.0,0.0,0.0384
86,10820,146.158.161.35,12715,146.158.128.0/17,-,-,-,es,Abandoned,Yes,40.4175,-3.7015,Rivas Vaciamadrid,0.0,0.0,0.057699999999999994
87,10836,213.162.201.210,13287,213.162.200.0/22,2a02:23a0:1111:14::2,13287,2a02:23a0::/32,es,Connected,Yes,39.5205,-0.4715,NIXVAL IP v3 R5,1.0,0.9995999999999999,0.9984999999999999
88,10907,164.138.200.8,198653,164.138.200.0/21,-,-,-,es,Abandoned,Yes,28.1105,-15.4225,CiTEC SL,0.0,0.0,0.7362000000000001
89,10939,80.39.159.242,3352,80.39.0.0/16,-,-,-,es,Abandoned,Yes,28.0715,-15.4515,Manolopm,0.0,0.0,0.8024
90,10946,147.161.111.29,35699,147.161.64.0/18,-,-,-,es,Abandoned,Yes,41.4105,2.1995,MXM - Connection,0.0,0.0,0.4365
91,11124,88.25.227.81,3352,88.25.0.0/16,-,-,-,es,Connected,Yes,28.0895,-16.6315,Elmi's home probe TF,1.0,0.8898999999999999,0.9584
92,11559,-,-,-,-,-,-,es,Abandoned,Yes,40.4715,0.4795,guifi.net-VNRCentre,0.0,0.0,0.0091
93,11598,109.69.8.210,49835,109.69.8.0/24,2a00:1508::210,49835,2a00:1508::/32,es,Connected,Yes,41.3515,2.1415,guifi.net Foundation www.guifi,1.0,0.9998999999999999,0.735
94,11600,217.14.37.6,30892,217.14.32.0/20,2a02:aa8:0:2001:fa1a:67ff:fe4d:82e0,30892,2a02:aa8::/29,es,Connected,Yes,41.4775,2.1075,DTGBSI-CRD,1.0,0.9998999999999999,0.9134
95,11602,217.14.37.38,30892,217.14.32.0/20,2a02:aa8:0:2000::10,30892,2a02:aa8::/29,es,Connected,Yes,41.3985,2.1875,DTGBSI-22A,1.0,0.9998999999999999,0.9144
96,11620,185.224.76.192,202766,185.224.76.0/24,-,-,-,es,Abandoned,Yes,37.4375,-4.2015,Priego de CÃ³rdoba,0.0,0.0,0.6639
97,11652,-,-,-,-,-,-,es,Abandoned,Yes,43.3085,-2.8905,-,0.0,0.0,0.08529999999999999
98,11749,84.88.81.123,13041,84.88.0.0/16,-,-,-,es,Connected,Yes,41.3915,2.1095,-,0.9994,0.9998,0.6725
99,11906,-,206886,185.172.98.0/24,-,-,-,es,Abandoned,No,39.5105,-0.3625,-,,,
100,11916,80.173.213.110,12357,80.173.208.0/21,-,-,-,es,Abandoned,Yes,39.4705,-0.3825,-,0.0,0.0,0.4361
101,11933,-,12479,85.62.128.0/19,-,-,-,es,Abandoned,No,40.4185,-3.7015,ADSL GINET,,,
102,11940,139.47.78.99,15704,139.47.0.0/17,-,-,-,es,Abandoned,Yes,40.4175,-3.7005,-,0.0,0.0,0.6228
103,11948,-,57269,188.26.200.0/21,-,57269,2a0c:5a80::/29,es,Connected,No,40.4315,-3.7205,Home Fiber,,,
104,11955,-,12430,77.224.0.0/13,-,-,-,es,Abandoned,No,41.6295,-4.7405,Sonda-Orange,,,
105,11958,-,6739,84.120.0.0/16,-,-,-,es,Disconnected,No,39.4515,-0.3905,-,,,
106,12006,193.0.10.252,3333,193.0.10.0/23,2001:67c:2e8:13:a2f3:c1ff:fec4:3fc5,3333,2001:67c:2e8::/48,es,Abandoned,Yes,40.4405,-3.8225,-,0.0,0.0,0.0062
107,12008,-,-,-,-,-,-,es,Abandoned,Yes,39.5415,-0.3625,ONO HFC,0.0,0.0,0.005699999999999999
108,12153,-,12479,149.74.92.0/22,-,-,-,es,Connected,No,40.4385,-3.8205,Alfredos,,,
109,12170,217.18.40.3,15954,217.18.32.0/20,2a01:a940:7766:0:fa1a:67ff:fe4d:6fee,15954,2a01:a940::/32,es,Disconnected,Yes,40.4875,-3.6895,Salvatierra,0.0,0.1761,0.6439
110,12257,-,12430,46.24.0.0/14,-,-,-,es,Abandoned,No,42.4705,-2.4505,-,,,
111,12342,-,-,-,-,-,-,es,Abandoned,Yes,39.9285,-0.1005,-,0.0,0.0,0.0199
112,12364,85.54.112.141,12479,85.54.112.0/22,-,-,-,es,Connected,Yes,41.3895,2.1805,KEVINPROBE,0.9989,0.9945,0.9194
113,12884,79.116.1.229,57269,79.116.0.0/15,-,-,-,es,Connected,Yes,41.6395,-4.7385,MTU Sistemas O2 FTTH,0.9934000000000001,0.9968,0.8225
114,12886,87.223.214.253,12715,87.223.0.0/16,-,-,-,es,Abandoned,Yes,41.7305,-4.6485,Angel_Jazztel,0.0,0.0,0.26940000000000003
115,13090,192.148.201.131,766,192.148.201.0/24,-,-,-,es,Abandoned,Yes,40.4175,-3.6985,RedIRIS probe,0.0,0.0,0.1368
116,13096,213.192.238.59,8903,213.192.238.0/24,-,-,-,es,Abandoned,Yes,40.5105,-3.6685,As12541 ATLAS probe,0.0,0.0,0.3064
117,13194,-,12479,90.161.192.0/24,-,-,-,es,Disconnected,No,40.4595,-3.6585,Residencia Cercedilla,,,
118,13272,-,-,-,-,-,-,es,Never Connected,Yes,39.4985,-0.3695,-,0.0,0.0,0.0
119,13293,37.72.9.130,29119,37.72.0.0/19,-,-,-,es,Abandoned,Yes,37.8085,-0.8385,AS199344 - Amune Networks,0.0,0.0,0.1096
120,13337,79.116.139.150,57269,79.116.0.0/15,2a0c:5a86:110a:e700:a2f3:c1ff:fec4:5314,57269,2a0c:5a80::/29,es,Disconnected,Yes,43.3605,-5.8515,First RIPE Atlas Probe in nort,0.0212,0.059500000000000004,0.8634999999999999
121,13379,88.4.20.17,3352,88.4.0.0/16,-,-,-,es,Disconnected,Yes,41.6415,-0.8995,-,0.0,0.0,0.09269999999999999
122,13381,37.14.190.26,12479,37.14.188.0/22,-,-,-,es,Abandoned,Yes,39.4475,-0.3885,-,0.0,0.0,0.5636
123,13395,-,-,-,-,-,-,es,Abandoned,Yes,36.7095,-4.6285,Sinologic.net,0.0,0.0,0.0746
124,13422,-,1136,145.53.128.0/17,-,-,-,es,Abandoned,No,40.4585,-3.6915,Andrino Office Madrid,,,
125,13438,-,-,-,-,-,-,es,Abandoned,No,38.2615,-0.7115,-,,,
126,13461,213.162.201.26,13287,213.162.200.0/22,-,-,-,es,Abandoned,Yes,39.5175,-0.4695,NETLLAR,0.0,0.0,0.21050000000000002
127,13466,79.147.1.77,3352,79.147.0.0/16,-,-,-,es,Abandoned,Yes,38.4305,-0.4795,-,0.0,0.0,0.11130000000000001
128,13487,83.55.217.98,3352,83.55.0.0/16,-,-,-,es,Disconnected,Yes,42.0105,-4.5185,-,0.0,0.0,0.09820000000000001
129,13552,-,-,-,-,-,-,es,Abandoned,Yes,40.3685,-3.6105,-,0.0,0.0,0.0273
130,13633,-,12430,62.83.0.0/16,-,-,-,es,Abandoned,No,40.4185,-3.6915,Desconectada (jfs),,,
131,13678,94.76.184.125,29119,94.76.184.0/21,-,-,-,es,Abandoned,Yes,37.3315,-4.3695,Rute,0.0,0.0,0.7837000000000001
132,13683,-,-,-,-,-,-,es,Abandoned,Yes,38.2585,-0.6985,-,0.0,0.0,0.0062
133,13700,-,-,-,-,-,-,es,Abandoned,No,39.4675,-0.3825,-,,,
134,13744,-,-,-,-,-,-,es,Abandoned,No,39.4795,-0.3405,-,,,
135,13747,79.108.233.143,6739,79.108.128.0/17,-,-,-,es,Abandoned,Yes,38.9905,-0.5205,-,0.0,0.0,0.0929
136,13757,-,-,-,-,-,-,es,Abandoned,Yes,43.2905,-2.8605,Virtual Optical Fiber Probe,0.0,0.0,0.0588
137,13868,62.57.2.236,12357,62.57.0.0/21,-,-,-,es,Abandoned,Yes,41.3815,2.1505,made,0.0,0.0,0.0005
138,13869,79.146.82.247,3352,79.146.0.0/16,-,-,-,es,Never Connected,Yes,36.6615,-4.5595,SOHO - Movistar,0.0,0.0,0.0
139,13870,62.204.197.11,15630,62.204.192.0/19,2a01:4a80:0:2500::11,15630,2a01:4a80::/32,es,Connected,Yes,40.4375,-3.7395,-,0.9993000000000001,0.9995999999999999,0.9843999999999999
140,13875,-,-,-,-,-,-,es,Never Connected,Yes,37.8795,-4.7895,-,0.0,0.0,0.0
141,13876,91.192.109.145,39020,91.192.109.0/24,-,-,-,es,Abandoned,Yes,37.4805,-5.9295,-,0.0,0.0,0.8108
142,13878,217.125.59.187,3352,217.125.0.0/16,-,-,-,es,Abandoned,Yes,37.3915,-6.0795,GSG-1,0.0,0.0,0.6923
143,13879,-,6739,85.137.0.0/16,-,-,-,es,Abandoned,No,36.7215,-4.4195,-,,,
144,13880,91.213.30.30,49638,91.213.30.0/24,2001:67c:137c:1:a2f3:c1ff:fec4:5e26,49638,2001:67c:137c::/48,es,Connected,Yes,41.3875,2.1115,CATNIX - Catalonia Neutral Int,1.0,1.0,0.9668000000000001
145,13881,83.33.243.111,3352,83.33.0.0/16,2a02:9140:4a80:8901:a2f3:c1ff:fec4:5df5,3352,2a02:9000::/23,es,Connected,Yes,40.3975,-3.6985,macias,1.0,0.9924,0.9773999999999999
146,13882,150.214.142.96,198096,150.214.0.0/16,-,-,-,es,Abandoned,Yes,37.3785,-5.9785,-,0.0,0.0,0.2561
147,13889,2.153.86.165,6739,2.153.64.0/19,-,-,-,es,Abandoned,Yes,40.4215,-3.6985,Probe_v3_sandDisk-13889,0.0,0.0,0.4382
148,13890,212.81.218.171,3262,212.81.128.0/17,2a03:c600:c004:1aaa:a2f3:c1ff:fec4:5f7e,3262,2a03:c600::/32,es,Abandoned,Yes,43.3375,-3.0085,Casa,0.0,0.0,0.6346
149,13896,147.156.9.141,766,147.156.0.0/16,2001:720:1014:21::a:187,766,2001:720::/32,es,Connected,Yes,39.5105,-0.4185,Universitat de ValÃ¨ncia - Burj,1.0,0.9998,0.9861
150,14329,-,-,-,-,-,-,es,Abandoned,Yes,39.8215,-0.2315,-,0.0,0.0,0.0
151,14334,85.192.78.97,21193,85.192.78.0/24,2a00:1508:1004:0:6666:b3ff:feb0:d7ea,49835,2a00:1508::/32,es,Abandoned,Yes,41.9295,2.2485,-,0.0,0.0,0.3308
152,14348,85.192.78.97,21193,85.192.78.0/24,-,-,-,es,Abandoned,Yes,41.9315,2.2495,-,0.0,0.0,0.065
153,14357,-,-,-,-,-,-,es,Abandoned,Yes,39.5705,-0.3405,Mangrana,0.0,0.0,0.055999999999999994
154,14382,-,-,-,-,-,-,es,Never Connected,Yes,39.8185,-0.2285,-,0.0,0.0,0.0
155,14413,-,-,-,-,-,-,es,Abandoned,No,39.9985,-4.0025,-,,,
156,14679,-,-,-,-,-,-,es,Never Connected,Yes,39.2115,-0.3195,-,0.0,0.0,0.0
157,14696,-,-,-,-,-,-,es,Abandoned,Yes,39.2605,-0.3185,-,0.0,0.0,0.0
158,14703,-,-,-,-,-,-,es,Never Connected,Yes,39.4685,-0.3825,-,0.0,0.0,0.0
159,14714,-,-,-,-,-,-,es,Never Connected,No,38.8395,0.1075,-,,,
160,14715,-,-,-,-,-,-,es,Never Connected,No,39.4695,-0.3825,-,,,
161,14757,-,-,-,-,-,-,es,Abandoned,Yes,43.2705,-2.9405,Deusto Unibertsitatea,0.0,0.0,0.058899999999999994
162,14782,-,12430,137.101.0.0/16,-,-,-,es,Connected,No,40.4585,-3.6585,Vodafone Fibra (jfs),,,
163,14814,-,43655,78.24.136.0/24,-,-,-,es,Connected,No,40.5995,-3.7125,-,,,
164,14835,-,15704,188.127.160.0/19,-,-,-,es,Disconnected,No,40.4195,-3.6915,-,,,
165,14842,83.36.246.223,3352,83.36.0.0/16,-,-,-,es,Connected,Yes,40.3585,-3.9005,-,0.9994,0.9779000000000001,0.7625
166,14865,88.148.82.4,29119,88.148.64.0/19,-,-,-,es,Abandoned,Yes,38.2695,-0.7095,Airenetworks,0.0,0.0,0.0863
167,14866,81.35.25.21,3352,81.35.0.0/16,-,-,-,es,Connected,Yes,40.5405,-3.6495,Valeriano,1.0,1.0,0.8612000000000001
168,14921,62.99.0.45,12338,62.99.0.0/17,-,-,-,es,Abandoned,Yes,43.1275,-2.0715,Euskaltel Cable TOLOSA,0.0,0.0,0.18969999999999998
169,15082,83.63.64.79,3352,83.63.0.0/16,-,-,-,es,Abandoned,Yes,37.3885,-5.9785,-,0.0,0.0,0.7109000000000001
170,15085,-,12715,188.78.0.0/16,-,3333,2001:67c:2e8::/48,es,Abandoned,No,40.2895,-4.5885,-,,,
171,15103,-,-,-,-,-,-,es,Never Connected,Yes,43.3285,-3.0225,-,0.0,0.0,0.0
172,15108,-,-,-,-,-,-,es,Never Connected,Yes,40.4415,-3.6225,-,0.0,0.0,0.0
173,15116,-,-,-,-,-,-,es,Abandoned,No,39.4905,-0.3925,-,,,
174,15117,-,-,-,-,-,-,es,Abandoned,No,39.2605,-0.3225,-,,,
175,15118,80.39.150.99,3352,80.39.0.0/16,-,-,-,es,Connected,Yes,40.4515,-3.6725,ripeprobe,1.0,0.9998,0.8284
176,15124,-,-,-,-,-,-,es,Abandoned,Yes,43.2595,-2.9215,-,0.0,0.0,0.0086
177,15127,-,-,-,-,-,-,es,Never Connected,Yes,39.5405,-0.3515,-,0.0,0.0,0.0
178,15161,-,-,-,-,-,-,es,Never Connected,Yes,40.3675,-3.6395,-,0.0,0.0,0.0
179,15186,-,-,-,-,-,-,es,Abandoned,No,39.4705,-0.3385,-,,,
180,15191,-,-,-,-,-,-,es,Never Connected,No,40.3575,0.4015,-,,,
181,15193,-,-,-,-,-,-,es,Never Connected,Yes,39.4685,-0.3385,-,0.0,0.0,0.0
182,15194,-,-,-,-,-,-,es,Never Connected,No,40.4895,0.0215,-,,,
183,15618,88.19.206.79,3352,88.19.0.0/16,2a02:9141:200::20,3352,2a02:9000::/23,es,Connected,Yes,38.7915,0.0375,EA5DFV,0.9995,0.9997,0.8473999999999999
184,15620,-,-,-,-,-,-,es,Never Connected,No,40.4175,-3.7015,-,,,
185,15623,145.224.124.5,14593,145.224.124.0/22,2a0d:3344:202f:304:6666:b3ff:feb0:aafa,14593,2a0d:3344:2000::/3,es,Disconnected,Yes,42.8885,-4.9615,Valeriano (Prioro),0.0,0.0,0.4586
186,15628,-,-,-,-,-,-,es,Abandoned,Yes,40.4415,-3.6515,-,0.0,0.0,0.0011
187,15632,83.42.100.54,3352,83.42.0.0/16,-,-,-,es,Connected,Yes,41.4685,2.0885,-,1.0,0.9997,0.9795
188,15649,185.160.228.140,201453,185.160.228.0/24,-,-,-,es,Abandoned,Yes,40.4415,-3.6205,AKIWIFI Interxion Madrid (II),0.0,0.0,0.5155
189,15672,-,-,-,-,-,-,es,Abandoned,No,40.3885,-3.7395,-,,,
190,15674,79.146.136.235,3352,79.146.0.0/16,-,-,-,es,Abandoned,Yes,40.4395,-3.8195,-,0.0,0.0,0.1968
191,15773,83.33.118.54,3352,83.33.0.0/16,-,-,-,es,Abandoned,Yes,43.2985,-2.0095,-,0.0,0.0,0.0
192,15873,185.107.105.215,200434,185.107.105.0/24,-,-,-,es,Connected,Yes,41.9285,2.2605,viladelpingui.net,1.0,1.0,0.5931000000000001
193,15879,185.36.209.255,62412,185.36.208.0/22,-,-,-,es,Abandoned,Yes,38.0815,-1.2695,SpainWISP - BGP Fiber Core,0.0,0.0,0.10779999999999999
194,16148,185.44.232.12,202198,185.44.232.0/22,-,-,-,es,Abandoned,Yes,36.1915,-5.4305,hercom,0.0,0.0,0.12369999999999999
195,16164,-,3352,2.139.0.0/16,-,-,-,es,Abandoned,No,39.4695,-6.3795,-,,,
196,16282,-,-,-,-,-,-,es,Never Connected,Yes,39.4685,-0.3785,-,0.0,0.0,0.0
197,16534,62.174.184.194,12430,62.174.128.0/17,-,-,-,es,Abandoned,Yes,41.3895,2.1685,"ADSL connection, upload 1Mbps,",0.0,0.0,0.14730000000000001
198,16619,-,3352,2.139.0.0/16,-,-,-,es,Connected,No,41.2815,1.9675,Barcelona-FTTH-Telefonica,,,
199,16623,213.99.103.70,3352,213.99.0.0/16,2a02:9140:3900:0:6666:b3ff:fed1:167c,3352,2a02:9000::/23,es,Abandoned,Yes,40.5985,-3.5415,JPC HQ Probe 1 (TE),0.0,0.0,0.319
200,17232,88.26.174.98,3352,88.26.0.0/16,2a01:240:fe00:8283::200,30781,2a01:240::/32,es,Abandoned,Yes,36.4185,-5.1615,"Estepona, ES",0.0,0.0,0.2766
201,17361,213.162.201.10,13287,213.162.200.0/22,2a02:23a0:1111:7::2,13287,2a02:23a0::/32,es,Abandoned,Yes,39.5175,-0.4695,NIXVAL IP v3 R4,0.0,0.0,0.5451
202,17365,185.29.68.60,199952,185.29.68.0/23,2a04:41c0:2:0:6666:b3ff:fec5:4d2,199952,2a04:41c0::/29,es,Abandoned,Yes,37.9795,-0.6895,Probe 1,0.0,0.0,0.1643
203,17947,-,-,-,-,-,-,es,Abandoned,Yes,40.4605,-3.7005,TP-Link MR3020,0.0,0.0,0.0187
204,18234,81.89.33.250,25285,81.89.32.0/20,-,-,-,es,Abandoned,Yes,40.4895,-3.6615,BOE,0.0,0.0,0.34
205,18273,46.29.48.48,51718,46.29.48.0/21,-,-,-,es,Connected,Yes,40.5385,-3.6495,HyD Acens,1.0,0.9997,0.9986
206,18292,-,12479,85.57.168.0/22,-,6939,2001:470::/32,es,Abandoned,No,41.6185,-4.7385,MTU Sistemas VPN - Orange,,,
207,18298,185.32.136.30,16030,185.32.136.0/22,-,-,-,es,Abandoned,Yes,41.1415,1.2215,ASPWIFI,0.0,0.0,0.5309
208,18311,194.140.3.194,3324,194.140.0.0/20,-,-,-,es,Abandoned,Yes,40.4575,-3.8125,FUJITSU SPAIN,0.0,0.0,0.2709
209,18325,-,29119,185.44.28.0/22,-,-,-,es,Disconnected,No,37.9795,-1.1315,Atlas Probe,,,
210,18417,-,-,-,-,-,-,es,Abandoned,No,42.0105,-4.5325,-,,,
211,18442,5.1.38.250,198731,5.1.32.0/21,-,-,-,es,Abandoned,Yes,42.1185,3.1295,-,0.0,0.0,0.4625
212,18503,-,12479,85.57.168.0/22,-,6939,2001:470::/32,es,Abandoned,No,41.4485,-4.6725,MTU Los Arcos,,,
213,18530,185.210.246.23,205645,185.210.244.0/22,-,-,-,es,Abandoned,Yes,41.6275,2.5685,Balta,0.0,0.0,0.795
214,18538,87.222.108.89,12715,87.222.0.0/16,-,-,-,es,Abandoned,Yes,41.6515,-4.7515,Casa Merche,0.0,0.0,0.044500000000000005
215,18565,79.116.151.94,57269,79.116.0.0/15,2a0c:5a83:700f:5e00:ea94:f6ff:feba:fbf2,57269,2a0c:5a80::/29,es,Disconnected,Yes,41.6395,-4.7395,Digi FTTH,0.15410000000000001,0.0708,0.1435
216,18630,-,12357,77.224.0.0/13,-,-,-,es,Abandoned,No,40.3975,-3.6815,-,,,
217,18632,37.132.68.58,12715,37.132.0.0/16,-,-,-,es,Abandoned,Yes,41.6585,-4.7115,Residencia MelÃ©ndez,0.0,0.0,0.1321
218,18633,83.58.29.180,3352,83.58.0.0/16,-,-,-,es,Abandoned,Yes,41.6485,-4.7115,IES Galileo de Valladolid,0.0,0.0,0.0
219,18651,194.30.80.81,3262,194.30.0.0/17,-,-,-,es,Connected,Yes,40.6775,-3.6205,Sanagus,1.0,0.9998999999999999,0.735
220,18654,81.202.62.32,6739,81.202.0.0/17,-,-,-,es,Abandoned,Yes,39.5195,-0.4705,Abansys & Hostytec,0.0,0.0,0.0728
221,18670,-,6739,81.184.0.0/16,-,-,-,es,Abandoned,No,41.5675,2.0105,-,,,
222,18709,41.72.96.145,37154,41.72.96.0/19,-,-,-,es,Abandoned,Yes,40.3415,-3.7725,-,0.0,0.0,0.1168
223,18801,88.3.148.68,3352,88.3.0.0/16,2a02:9140:5281:2800:ea94:f6ff:fe48:57f0,3352,2a02:9000::/23,es,Disconnected,Yes,40.3975,-3.7225,AS3352 Probe v3,0.0,0.0,0.9179999999999999
224,18802,-,15450,194.69.248.0/24,-,-,-,es,Abandoned,No,40.4385,-3.6325,ALHAMBRA EIDOS,,,
225,18833,212.230.14.82,15704,212.230.0.0/15,-,-,-,es,Connected,Yes,41.5885,-4.7315,J5 Network,1.0,0.9995999999999999,0.8996999999999999
226,18844,2.136.61.132,3352,2.136.0.0/16,-,-,-,es,Connected,Yes,40.5495,-3.6705,JP CEREZO Seminario SRM,0.9983,0.9995999999999999,0.44630000000000003
227,18866,-,3352,81.37.0.0/16,-,-,-,es,Abandoned,No,40.4205,-3.6995,WiFi - COMUNICACIONES-TEST,,,
228,19286,46.28.161.253,199312,46.28.161.0/24,-,-,-,es,Abandoned,Yes,38.2905,-0.5885,Megavista Online WISP,0.0,0.0,0.1778
229,19292,92.43.224.105,44431,92.43.224.0/21,-,-,-,es,Abandoned,Yes,39.6285,2.6315,OAAtlas1,0.0,0.0,0.8391
230,19353,79.99.214.118,42666,79.99.208.0/21,-,-,-,es,Abandoned,Yes,41.6485,-0.8905,-,0.0,0.0,0.3732
231,19379,150.241.128.202,766,150.241.0.0/16,-,-,-,es,Abandoned,Yes,43.3315,-2.9895,ss-miramon-prb1,0.0,0.0,0.353
232,19616,87.222.109.59,12715,87.222.0.0/16,-,-,-,es,Abandoned,Yes,41.5805,-4.7125,HispaHosted_Jazztel_ADSL,0.0,0.0,0.1033
233,19718,185.4.94.15,59682,185.4.92.0/22,-,-,-,es,Abandoned,Yes,40.3715,-3.6425,iA-N,0.0,0.0,0.17489999999999997
234,19860,83.97.176.172,12946,83.97.128.0/17,-,-,-,es,Abandoned,Yes,43.5275,-5.6795,Atlas Atlantic,0.0,0.0,0.0806
235,19875,-,3352,88.6.0.0/16,-,-,-,es,Abandoned,No,40.4195,-3.6995,-,,,
236,19882,139.47.68.80,15704,139.47.0.0/17,fd6c:c629:cdf9:37e6:c24a:ff:fecc:9e54,-,-,es,Connected,Yes,40.3785,-3.5385,-,0.9945999999999999,0.9899,0.8776
237,20061,-,15704,212.230.0.0/15,-,-,-,es,Abandoned,No,41.5575,2.0005,-,,,
238,20136,193.57.37.94,57910,193.57.37.0/24,-,-,-,es,Connected,Yes,39.6005,2.6785,-,0.9995999999999999,0.9997,0.9521
239,20207,185.41.96.38,208909,185.41.96.0/24,2a01:57a0:466:a500:c24a:ff:fecc:9be0,49835,2a01:57a0::/32,es,Abandoned,Yes,41.9805,2.1675,Osofon.com SBG,0.0,0.0,0.17559999999999998
240,20395,149.74.134.12,12479,149.74.134.0/24,-,-,-,es,Disconnected,Yes,41.5095,2.2415,Family home,0.0,0.0,0.34659999999999996
241,20399,85.52.65.170,12479,85.52.64.0/22,-,-,-,es,Abandoned,Yes,41.5915,2.5815,Brutalsys (Barcelona),0.0,0.0,0.1424
242,20597,217.18.160.149,42220,217.18.160.0/24,-,-,-,es,Abandoned,Yes,37.1705,-3.6685,ZREE TELECOM,0.0,0.0,0.2186
243,20711,80.80.88.159,34760,80.80.88.0/22,-,-,-,es,Connected,Yes,41.4075,2.1675,es.n2000,0.9992,0.9998,0.9314
244,20741,81.0.6.138,15704,81.0.0.0/20,-,-,-,es,Abandoned,Yes,41.5175,2.2395,Martorelles Home,0.0,0.0,0.7287
245,20757,82.116.160.93,12319,82.116.160.0/19,-,-,-,es,Connected,Yes,43.2905,-1.9805,IZFE Atlas probe,1.0,0.9998,0.9528
246,20826,81.202.61.161,12357,81.202.56.0/21,-,-,-,es,Abandoned,Yes,39.4605,-0.3815,KD-Home,0.0,0.0,0.1607
247,21251,-,3352,195.55.0.0/16,-,-,-,es,Abandoned,No,40.7275,-4.0705,Residencia Cercedilla BDE (PER,,,
248,21271,-,15704,178.237.232.0/21,-,-,-,es,Connected,No,39.4475,-0.3695,-,,,
249,21314,77.231.230.243,12357,77.224.0.0/13,-,-,-,es,Abandoned,Yes,37.1795,-3.6025,-,0.0,0.0,0.0097
250,21389,95.16.76.158,12479,95.16.72.0/21,-,-,-,es,Abandoned,Yes,40.4215,-3.6785,-,0.0,0.0,0.23550000000000001
251,21537,2.137.22.14,3352,2.137.0.0/16,fd86:2520:8e6b:4840:eade:27ff:fe69:d1e2,-,-,es,Connected,Yes,28.0905,-16.7215,MOVISTAR FTTH - Tenerife Sur -,1.0,1.0,0.9547
252,21570,88.148.103.97,29119,88.148.96.0/21,-,-,-,es,Connected,Yes,37.3475,-5.2295,FuenLan.es,0.9897,0.9974,0.9958
253,21665,-,12430,46.24.0.0/14,-,-,-,es,Connected,No,40.4595,-3.6595,Madrid Arturo Soria,,,
254,21685,-,766,193.144.0.0/14,-,766,2001:720::/32,es,Abandoned,No,40.3295,-3.7685,Probe Leganes,,,
255,21729,-,12479,188.78.28.0/22,-,-,-,es,Abandoned,No,41.6515,-4.7215,-,,,
256,22206,80.31.204.8,3352,80.31.0.0/16,-,-,-,es,Abandoned,Yes,40.3105,-3.7325,Getafe PROBE ATLAS,0.0,0.0,0.2959
257,22231,84.89.138.18,13041,84.89.128.0/17,-,-,-,es,Abandoned,Yes,41.3975,2.1885,Prove located at UPF IT campus,0.0,0.0,0.1508
258,22291,185.84.116.3,41397,185.84.116.0/22,-,-,-,es,Connected,Yes,41.6475,-0.8885,probe.aragon.net,0.9979,0.9995,0.5589
259,22309,83.32.17.26,3352,83.32.0.0/16,2001:470:1f13:d68:eade:27ff:fe69:c6a2,6939,2001:470::/32,es,Disconnected,Yes,40.4015,-3.7225,-,0.0,0.1727,0.6452
260,22338,79.116.24.56,57269,79.116.0.0/15,-,-,-,es,Connected,Yes,40.4815,-3.6315,GonDors,0.9995999999999999,0.9776,0.8554
261,22588,83.54.81.9,3352,83.54.0.0/16,-,-,-,es,Abandoned,Yes,27.8515,-15.4485,Nguerigne-LTE,0.0,0.0,0.2712
262,22806,185.132.136.69,203457,185.132.136.0/23,-,-,-,es,Connected,Yes,41.2805,1.9875,ICFO,0.9984999999999999,0.9995999999999999,0.9701000000000001
263,22995,212.36.84.170,15699,212.36.64.0/19,-,-,-,es,Abandoned,Yes,41.3495,2.1415,-,0.0,0.0,0.5057
264,23120,-,-,-,-,61408,2a03:30c0::/32,es,Connected,No,39.2575,-0.4715,Ago Telecom,,,
265,23179,149.126.32.23,197991,149.126.32.0/20,-,-,-,es,Abandoned,Yes,40.2915,-3.4495,Hispasat Probe,0.0,0.0,0.2007
266,23204,-,-,-,-,-,-,es,Never Connected,Yes,40.4195,-3.8025,AS2134-La Finca-Madrid,0.0,0.0,0.0
267,23208,217.216.106.1,6739,217.216.0.0/15,-,-,-,es,Abandoned,Yes,36.7115,-6.1125,TP-LINK T-MR3020,0.0,0.0,0.6498999999999999
268,23234,83.45.239.88,3352,83.45.0.0/16,-,-,-,es,Abandoned,Yes,40.5095,-3.6715,nxdomain,0.0,0.0,0.18780000000000002
269,23267,176.58.8.10,57656,176.58.8.0/24,2a0a:7dc0:100:0:176:58:8:10,57656,2a0a:7dc0::/29,es,Connected,Yes,42.1705,-8.6895,ALTIA-probe,1.0,0.9997,0.5889
270,23268,194.143.201.28,8311,194.143.200.0/21,-,-,-,es,Connected,Yes,41.6515,-0.8895,atlas.zgz.redestel.net,0.9987,0.9997,0.8538
271,23280,194.140.178.163,6739,194.140.128.0/18,-,-,-,es,Abandoned,Yes,37.2275,-3.6285,OneRED Telecom - Granada,0.0,0.0,0.020499999999999997
272,23318,185.6.6.222,199652,185.6.6.0/24,-,-,-,es,Connected,Yes,38.8515,0.0075,Vergel,1.0,0.9995999999999999,0.9981
273,23333,83.58.61.190,3352,83.58.0.0/16,-,-,-,es,Abandoned,Yes,41.5785,-3.0715,Uxama,0.0,0.0,0.8425
274,23337,31.14.60.6,200555,31.14.60.0/24,-,-,-,es,Abandoned,Yes,28.4005,-16.5415,WiFi Canarias,0.0,0.0,0.37310000000000004
275,23374,88.19.80.143,3352,88.19.0.0/16,-,-,-,es,Abandoned,Yes,36.5195,-5.0495,OneRED Telecom - Malaga,0.0,0.0,0.0695
276,23391,79.108.154.39,6739,79.108.128.0/17,-,-,-,es,Abandoned,Yes,39.1875,-0.4985,Wifeando FTTH1 network,0.0,0.0,0.005
277,23581,185.107.160.40,203641,185.107.160.0/24,-,-,-,es,Connected,Yes,37.5375,-6.0585,Guillena WiFi,1.0,0.9998999999999999,0.8353
278,23676,87.218.203.218,12715,87.218.0.0/16,-,-,-,es,Abandoned,Yes,40.4405,-3.6295,Madrid,0.0,0.0,0.1543
279,23681,91.117.6.219,12334,91.117.0.0/18,-,-,-,es,Abandoned,Yes,43.3475,-8.4285,-,0.0,0.0,0.0311
280,23684,192.148.167.11,3262,192.148.167.0/24,-,-,-,es,Abandoned,Yes,43.2795,-2.8585,Sarenet trunk,0.0,0.0,0.4415
281,23685,212.81.180.210,3262,212.81.128.0/17,2a03:c600:c023:104:16cc:20ff:fef8:8be8,3262,2a03:c600::/32,es,Connected,Yes,41.3895,2.2015,"Barcelona MAPFRE Tower, ExoCli",1.0,0.9983,0.9137000000000001
282,23686,90.161.204.253,12479,90.160.0.0/12,2001:470:7855:effe:16cc:20ff:fef8:8c36,6939,2001:470::/32,es,Connected,Yes,36.7205,-4.3785,GSSI CASA,0.9995,0.9994,0.9495999999999999
283,23687,212.36.67.3,15699,212.36.64.0/19,-,-,-,es,Abandoned,Yes,41.4105,2.1715,Adam,0.0,0.0,0.051
284,23700,150.214.58.156,198096,150.214.0.0/16,-,-,-,es,Abandoned,Yes,36.7175,-4.4225,RedIRIS,0.0,0.0,0.0496
285,23702,85.84.129.114,12338,85.84.0.0/16,-,-,-,es,Abandoned,Yes,43.3385,-3.0125,Euskaltel cable,0.0,0.0,0.2701
286,23802,-,34285,217.12.24.0/22,-,-,-,es,Abandoned,No,37.3685,-6.0425,-,,,
287,23856,80.32.137.56,3352,80.32.0.0/16,-,-,-,es,Abandoned,Yes,40.4205,-3.7005,-,0.0,0.0,0.0022
288,23861,-,3352,83.61.0.0/16,-,-,-,es,Abandoned,No,28.0975,-15.4095,-,,,
289,23912,-,3352,2.139.0.0/16,-,-,-,es,Abandoned,No,28.1085,-15.4225,-,,,
290,23925,79.152.135.112,3352,79.152.0.0/16,-,-,-,es,Abandoned,Yes,40.4195,-3.7015,-,0.0,0.0,0.053200000000000004
291,23944,83.42.86.125,3352,83.42.0.0/16,-,-,-,es,Abandoned,Yes,43.0095,-7.5605,-,0.0,0.0,0.2562
292,24086,2.136.155.30,3352,2.136.0.0/16,-,-,-,es,Disconnected,Yes,40.4905,-3.6885,MEYTEL-LEZ,0.0,0.0,0.907
293,24144,84.127.39.186,6739,84.127.0.0/16,-,-,-,es,Abandoned,Yes,38.6095,-0.9405,-,0.0,0.0,0.0
294,24146,31.25.214.138,16349,31.25.208.0/21,-,-,-,es,Abandoned,Yes,40.4205,-3.7005,-,0.0,0.0,0.0026
295,24148,-,20648,212.34.128.0/19,-,-,-,es,Abandoned,No,40.4215,-3.7005,-,,,
296,24175,81.47.176.43,3352,81.47.0.0/16,-,-,-,es,Abandoned,Yes,40.5195,-3.3395,Atlas probe @ Tuenti transit A,0.0,0.0,0.0943
297,24195,-,198432,5.2.88.0/21,-,-,-,es,Abandoned,No,40.3995,-3.6785,-,,,
298,24384,185.83.160.200,201105,185.83.160.0/24,-,-,-,es,Abandoned,Yes,37.8895,-4.7785,INTERSUR,0.0,0.0,0.042300000000000004
299,24385,212.92.38.85,24592,212.92.32.0/20,-,-,-,es,Connected,Yes,41.3895,2.1715,NEXICA,1.0,0.9995999999999999,0.26899999999999996
300,24436,85.192.65.12,21193,85.192.64.0/21,-,-,-,es,Abandoned,Yes,41.4005,2.1385,XTEC Probe,0.0,0.0,0.2025
301,24812,185.112.76.3,201453,185.112.76.0/22,-,-,-,es,Abandoned,Yes,40.4385,-3.6225,AKIWIFI Interxion Madrid,0.0,0.0,0.0898
302,24814,-,6739,85.251.0.0/16,-,-,-,es,Abandoned,No,41.6495,-0.8925,Gigas,,,
303,24815,-,45037,109.70.132.0/22,-,-,-,es,Abandoned,No,40.4395,-3.6325,-,,,
304,24829,-,3352,80.32.0.0/16,-,-,-,es,Abandoned,No,41.6815,-0.8915,SN: 214A031003219 v1.9,,,
305,24830,-,50926,84.246.208.0/21,-,-,-,es,Connected,No,39.5175,-0.4715,Infortelecom,,,
306,24852,91.126.133.34,35699,91.126.128.0/21,-,-,-,es,Abandoned,Yes,41.3985,2.1995,BCN - ip_fija,0.0,0.0,0.0919
307,24872,-,6739,213.37.0.0/16,-,-,-,es,Abandoned,No,40.4185,-3.5295,-,,,
308,24877,83.43.229.103,3352,83.43.0.0/16,-,-,-,es,Abandoned,Yes,42.3405,-3.6995,-,0.0,0.0,0.0182
309,24943,83.42.52.222,3352,83.42.0.0/16,-,-,-,es,Abandoned,Yes,40.4185,-3.7005,-,0.0,0.0,0.0026
310,24979,85.112.12.164,23148,85.112.0.0/20,-,-,-,es,Abandoned,Yes,40.4215,-3.6995,EAM1,0.0,0.0,0.5396
311,24997,77.83.124.173,200738,77.83.124.0/22,-,-,-,es,Abandoned,Yes,38.6405,-0.8685,"Interfibra Telecomunicaciones,",0.0,0.0,0.6097
312,25271,79.148.239.209,3352,79.148.0.0/16,-,-,-,es,Abandoned,Yes,41.3975,2.1905,-,0.0,0.0,0.8278
313,25336,78.202.118.95,12322,78.192.0.0/11,2a01:e34:eca7:65f0:c66e:1fff:fe5b:b250,12322,2a01:e34::/32,es,Abandoned,Yes,40.4305,-3.6815,-,0.0,0.0,0.6084
314,25869,-,198381,141.105.162.0/23,-,-,-,es,Abandoned,No,40.4215,-3.6995,YahClick Madrid,,,
315,26043,-,-,-,-,-,-,es,Never Connected,Yes,38.0785,-1.2705,Borecom (Core),0.0,0.0,0.0
316,26072,79.145.122.135,3352,79.145.0.0/16,-,-,-,es,Connected,Yes,36.6185,-4.5095,-,1.0,0.9998,0.8908
317,26619,79.116.210.163,57269,79.116.0.0/15,2a0c:5a84:e80f:ae00:c66e:1fff:fe3a:dfb6,57269,2a0c:5a80::/29,es,Connected,Yes,41.3815,2.1375,CFL - Connection,0.32799999999999996,0.7968999999999999,0.2588
318,26640,85.53.93.161,12479,85.53.92.0/22,-,-,-,es,Abandoned,Yes,41.3875,2.1695,-,0.0,0.0,0.0836
319,26659,91.201.132.8,44278,91.201.132.0/22,-,-,-,es,Abandoned,Yes,37.2115,-3.6305,Granacable,0.0,0.0,0.2638
320,26702,213.97.111.156,3352,213.97.0.0/16,-,-,-,es,Abandoned,Yes,41.5385,2.4475,Coworking Xammar,0.0,0.0,0.1363
321,26779,176.84.53.33,3352,176.84.0.0/16,-,-,-,es,Abandoned,Yes,41.6315,0.9005,-,0.0,0.0,0.0335
322,26782,83.37.213.87,3352,83.37.0.0/16,-,-,-,es,Abandoned,Yes,40.4585,-3.4785,-,0.0,0.0,0.0426
323,27073,188.127.180.208,15704,188.127.160.0/19,-,-,-,es,Connected,Yes,40.3385,-3.7495,ZARZAQUEMADA,0.9961,0.9945999999999999,0.6313
324,27076,86.127.238.254,57269,86.127.224.0/19,2a0c:5a80:f109:9600:c66e:1fff:fe5b:ef26,57269,2a0c:5a80::/29,es,Connected,Yes,40.3405,-3.7795,POZADELAGUA,1.0,1.0,0.6077
325,27172,-,15704,46.6.64.0/19,-,-,-,es,Abandoned,No,41.5385,2.4405,casa,,,
326,27264,-,49940,95.215.121.0/24,-,-,-,es,Abandoned,No,41.3795,2.1505,FIRA DE BARCELONA,,,
327,27311,194.99.104.21,9009,194.99.104.0/24,-,-,-,es,Abandoned,Yes,41.3775,2.1175,"WiNDy - Barcelona, Spain",0.0,0.0,0.3628
328,27388,45.13.200.251,200845,45.13.200.0/22,-,-,-,es,Connected,Yes,36.5015,-4.7185,MÃ¼ller,0.10439999999999999,0.024399999999999998,0.9211
329,27843,-,3348,185.81.132.0/24,-,-,-,es,Abandoned,No,40.0485,-4.2105,-,,,
330,27848,185.185.92.3,206488,185.185.92.0/24,2a0b:5081:17:8:f6f2:6dff:fe5d:ce06,43402,2a0b:5080::/29,es,Abandoned,Yes,38.0115,-1.1505,Home Probe,0.0,0.0,0.5974
331,27863,-,-,-,-,-,-,es,Never Connected,Yes,41.9485,2.8005,Base42 Probe,0.0,0.0,0.0
332,28426,-,-,-,-,-,-,es,Never Connected,Yes,38.6505,0.0485,Calpe,0.0,0.0,0.0
333,28445,83.165.120.145,12334,83.165.64.0/18,-,-,-,es,Abandoned,Yes,42.8595,-8.6505,Private House (AMTA),0.0,0.0,0.2345
334,28761,185.123.204.47,5505,185.123.204.0/24,2a03:9320::20,5505,2a03:9320::/32,es,Disconnected,Yes,39.5175,-0.4695,VADAVO (VALENCIA) - AS5505,0.0,0.0,0.9712999999999999
335,28941,-,6739,81.61.0.0/16,-,-,-,es,Abandoned,No,40.4175,-3.6805,-,,,
336,28955,-,60273,185.10.82.0/24,-,-,-,es,Abandoned,No,41.8495,3.0995,Dead,,,
337,29333,83.55.33.252,3352,83.55.0.0/16,-,-,-,es,Disconnected,Yes,40.9485,-5.6615,ALOJALIA SAL-HOME2,0.0,0.0,0.8979
338,29416,-,3352,79.145.0.0/16,-,-,-,es,Abandoned,No,40.9805,-5.6525,ALOJALIA MAD-LOST,,,
339,29491,185.72.0.14,200845,185.72.0.0/24,-,-,-,es,Abandoned,Yes,36.7775,-4.1085,Atlas Probe at ELECTROVIDEO VE,0.0,0.0,0.63
340,29707,-,-,-,-,-,-,es,Never Connected,No,37.4905,-5.9425,Abydos,,,
341,29725,185.161.96.245,205697,185.161.96.0/24,2a0b:ef00::96:245,205697,2a0b:ef00::/32,es,Disconnected,Yes,40.4395,-3.6215,ALOJALIA CPD1,0.0,0.0,0.6481999999999999
342,29762,-,57269,188.26.208.0/21,-,57269,2a0c:5a80::/30,es,Abandoned,No,40.4285,-3.7195,-,,,
343,29823,89.38.19.122,34977,89.38.19.0/24,fd8b:3633:b3f5:0:ee08:6bff:fe73:40d6,-,-,es,Connected,Yes,39.4885,-0.3615,-,0.9981,0.9995,0.9287000000000001
344,30039,81.35.58.7,3352,81.35.0.0/16,-,-,-,es,Connected,Yes,40.6115,-3.5415,JPC HQ Probe 1 (TE),0.9974,0.9976999999999999,0.8184
345,30040,37.15.50.252,12479,37.15.48.0/22,2001:470:1f1d:26b:ee08:6bff:fe73:26dc,6939,2001:470::/32,es,Abandoned,Yes,41.3975,2.2095,"Barcelona Poble Nou, Thias' Ho",0.0,0.0,0.2384
346,30052,91.126.233.95,35699,91.126.232.0/21,-,-,-,es,Abandoned,Yes,41.6085,0.6195,LLD - Oficina,0.0,0.0,0.08789999999999999
347,30064,-,35699,91.126.36.0/22,-,-,-,es,Abandoned,No,41.3995,2.1705,-,,,
348,30072,85.118.242.83,35171,85.118.242.0/24,-,-,-,es,Abandoned,Yes,40.4185,-3.6995,Petit Palace Plaza Malaga - AD,0.0,0.0,0.509
349,30075,213.229.153.46,8220,213.229.128.0/18,-,-,-,es,Abandoned,Yes,41.3895,2.1705,-,0.0,0.0,0.44630000000000003
350,30089,-,15734,88.84.64.0/19,-,-,-,es,Abandoned,No,40.5415,-3.6385,-,,,
351,30095,91.126.75.129,35699,91.126.74.0/23,-,-,-,es,Abandoned,Yes,37.3495,-6.0485,SEV - Oficina,0.0,0.0,0.1474
352,30313,185.67.112.141,59908,185.67.112.0/22,-,-,-,es,Connected,Yes,39.4385,-0.3725,BalaLink probe at Islalink FSL,0.9986,0.9995,0.30210000000000004
353,30314,-,59908,185.67.112.0/22,-,-,-,es,Abandoned,No,40.4195,-3.6825,-,,,
354,30356,81.35.58.7,3352,81.35.0.0/16,-,-,-,es,Connected,Yes,40.6005,-3.5005,JPC HQ Probe 2 (Vodafone),0.9992,0.9979,0.3986
355,30381,83.51.63.181,3352,83.51.0.0/16,-,-,-,es,Connected,Yes,41.3775,2.1415,CFL - Parents House,1.0,0.9997,0.5487
356,30385,95.121.255.65,3352,95.121.0.0/16,-,-,-,es,Abandoned,Yes,40.3995,-3.6885,MakeSpace Madrid,0.0,0.0,0.056100000000000004
357,30392,81.34.81.13,3352,81.34.0.0/16,fd8d:b48c:7bd0:6743:a62b:b0ff:fee0:145e,-,-,es,Connected,Yes,40.5585,-3.6485,Movistar service,0.9987,0.9993000000000001,0.9036
358,30438,62.174.86.114,6739,62.174.0.0/17,-,-,-,es,Abandoned,Yes,40.4215,-3.7115,Hotel Indigo Madrid Gran Via,0.0,0.0,0.25379999999999997
359,30474,-,3352,2.139.0.0/16,-,-,-,es,Abandoned,No,41.3895,2.1605,-,,,
360,30479,195.77.191.73,3352,195.77.0.0/16,-,-,-,es,Abandoned,Yes,40.4315,-3.6995,Petit Palace Santa Barbara,0.0,0.0,0.35600000000000004
361,30689,-,57269,86.127.224.0/19,-,-,-,es,Disconnected,No,40.4115,-3.6085,-,,,
362,30698,185.41.96.25,208909,185.41.96.0/24,-,-,-,es,Abandoned,Yes,41.9315,2.2515,Goufone Botiga Vic,0.0,0.0,0.3818
363,30705,188.26.209.6,57269,188.26.208.0/21,2a0c:5a80:8006:2200:ee08:6bff:fe73:4104,57269,2a0c:5a80::/29,es,Abandoned,Yes,40.3595,-3.5225,TL-MR3020,0.0,0.0,0.5149
364,30722,77.246.182.70,43578,77.246.182.0/24,-,-,-,es,Abandoned,Yes,41.3485,2.1285,bitNAP,0.0,0.0,0.0786
365,30745,212.121.225.225,16030,212.121.225.0/24,-,-,-,es,Abandoned,Yes,41.7295,1.8295,ALTECOM-FIBRACAT,0.0,0.0,0.40399999999999997
366,30799,-,60273,185.50.0.0/22,-,-,-,es,Abandoned,No,41.8515,3.1015,DEAD,,,
367,31002,-,12357,84.121.0.0/20,-,-,-,es,Abandoned,No,39.2885,-0.4125,-,,,
368,31015,185.107.106.76,200434,185.107.106.0/24,-,-,-,es,Abandoned,Yes,41.6095,2.2875,-,0.0,0.0,0.001
369,31032,46.37.96.28,52037,46.37.96.0/24,-,-,-,es,Abandoned,Yes,36.4885,-4.7315,-,0.0,0.0,0.0981
370,31033,128.140.201.174,57365,128.140.201.0/24,-,-,-,es,Abandoned,Yes,41.3485,2.1185,TP-LINK TL-MR3020 AS57365,0.0,0.0,0.5682
371,31097,212.15.224.91,60314,212.15.224.0/19,-,-,-,es,Abandoned,Yes,41.4005,2.1915,-,0.0,0.0,0.3332
372,31155,-,3352,79.152.0.0/16,-,-,-,es,Connected,No,41.3895,2.1695,-,,,
373,31185,212.111.96.9,198479,212.111.96.0/20,-,-,-,es,Abandoned,Yes,39.5195,-0.4685,Internet Xpress Probe,0.0,0.0,0.0904
374,31427,185.110.17.85,204234,185.110.16.0/22,-,-,-,es,Connected,Yes,38.8805,-1.1115,TVAlmansa probe,0.9994,0.9998,0.9517
375,31464,-,202125,185.247.167.0/24,-,-,-,es,Abandoned,No,37.1695,-3.6095,-,,,
376,31469,185.57.206.95,47683,185.57.204.0/22,-,-,-,es,Abandoned,Yes,38.9715,-3.8895,NAVIGO,0.0,0.0,0.3095
377,31482,5.57.24.17,199434,5.57.24.0/24,-,-,-,es,Abandoned,Yes,37.9585,-1.1885,AS199434,0.0,0.0,0.42729999999999996
378,31619,-,-,-,-,-,-,es,Never Connected,No,36.8815,-2.3325,-,,,
379,31627,37.222.58.92,12430,37.222.0.0/15,-,-,-,es,Abandoned,Yes,36.6005,-4.5515,"Lowi, Malaga",0.0,0.0,0.2982
380,31633,-,39551,83.247.136.0/24,-,-,-,es,Abandoned,No,41.3485,2.1185,CTTI Probe Old,,,
381,31643,193.22.119.83,29680,193.22.119.0/24,-,-,-,es,Disconnected,Yes,41.4885,2.1395,-,0.0,0.0,0.9453
382,31657,-,-,-,-,-,-,es,Never Connected,Yes,37.9905,-1.1305,CableMurcia,0.0,0.0,0.0
383,31675,93.114.147.133,34977,93.114.147.0/24,-,-,-,es,Connected,Yes,36.7195,-4.4595,UTE Probe,1.0,1.0,0.9763
384,31676,93.94.101.1,13168,93.94.96.0/21,-,-,-,es,Abandoned,Yes,40.5205,-3.3395,BMN,0.0,0.0,0.1804
385,31803,94.46.16.247,24768,94.46.16.0/22,-,-,-,es,Abandoned,Yes,40.4185,-3.7025,PTISP-MAD1 DATACENTER,0.0,0.0,0.0
386,32191,-,41876,185.209.192.0/24,-,-,-,es,Abandoned,No,39.2575,-0.4685,-,,,
387,32202,95.16.6.148,12479,95.16.6.0/24,2a02:2e02:2899:b900:1ad6:c7ff:fef3:1f56,12479,2a02:2e02:2890::/4,es,Disconnected,Yes,36.8185,-2.5725,ALV-ALM,0.0,0.0,0.8162
388,32484,-,51773,46.28.212.0/24,-,-,-,es,Abandoned,No,41.3895,2.1715,-,,,
389,32546,90.171.116.216,12479,90.171.112.0/21,-,-,-,es,Abandoned,Yes,39.3405,-0.4705,DATOMEDIA - VALENCIA,0.0,0.0,0.3968
390,32584,185.36.0.56,200845,185.36.0.0/24,fd22:a7f5:5574:2:d66e:eff:fe23:6664,-,-,es,Disconnected,Yes,36.8395,-4.6385,-,0.0,0.0,0.8234999999999999
391,32615,37.134.214.51,12479,37.134.212.0/22,-,-,-,es,Disconnected,Yes,40.3695,-3.7625,Redparra Network rp1,0.0,0.7394,0.9939
392,32626,84.88.1.18,13041,84.88.0.0/16,-,-,-,es,Connected,Yes,41.3905,2.1085,CSUC - Consorci de Serveis Uni,0.9987,0.9997,0.9993000000000001
393,32648,-,57269,79.116.0.0/15,-,57269,2a0c:5a80::/29,es,Connected,No,40.5615,-3.6305,-,,,
394,32868,93.191.139.1,48846,93.191.136.0/21,-,-,-,es,Connected,Yes,40.5015,-3.6595,INETUM - PROBE,0.8885,0.9740000000000001,0.915
395,32950,80.94.5.101,39263,80.94.0.0/20,-,-,-,es,Abandoned,Yes,41.3875,2.1695,-,0.0,0.0,0.3619
396,33325,90.170.150.68,12479,90.170.148.0/22,-,-,-,es,Abandoned,Yes,40.4195,-3.7015,Madrid - Orange Fiber,0.0,0.0,0.3848
397,33419,31.211.186.235,198454,31.211.184.0/21,-,-,-,es,Abandoned,Yes,36.7415,-4.6125,-,0.0,0.0,0.0018
398,33420,-,-,-,-,-,-,es,Never Connected,Yes,28.5175,-16.3415,Redes.net,0.0,0.0,0.0
399,33583,-,3352,80.35.0.0/16,-,-,-,es,Abandoned,No,40.4485,-3.5685,HUBARA Atlas Probe,,,
400,33627,79.154.53.175,3352,79.154.0.0/16,-,-,-,es,Connected,Yes,41.4005,2.1885,-,0.9994,0.9998999999999999,0.9732
401,33818,79.146.75.96,3352,79.146.0.0/16,-,-,-,es,Connected,Yes,40.2915,-3.8325,ALOJALIA MAD-HOME1,1.0,0.9998999999999999,0.8395999999999999
402,33930,-,12479,87.220.56.0/22,-,-,-,es,Abandoned,No,37.3975,-6.0015,-,,,
403,33948,79.151.83.32,3352,79.151.0.0/16,-,-,-,es,Connected,Yes,39.9915,-0.0505,Movistar 300M,1.0,1.0,0.982
404,33970,-,12479,92.57.248.0/22,-,-,-,es,Connected,No,36.7275,-2.6295,Probes 33970,,,
405,33971,88.17.177.243,3352,88.17.0.0/16,fddc:a502:5043:5745:1ad6:c7ff:fe29:fd38,-,-,es,Connected,Yes,39.4575,-0.3795,-,1.0,1.0,0.8906999999999999
406,33981,-,6739,213.254.120.0/21,-,-,-,es,Abandoned,No,40.9475,-5.6585,ALOJALIA SAL-OLD,,,
407,34082,83.38.83.71,3352,83.38.0.0/16,-,-,-,es,Abandoned,Yes,40.3585,-3.7585,Redparra Network rp3,0.0,0.0,0.48469999999999996
408,34344,83.61.133.170,3352,83.61.0.0/16,2a02:9140:4d80:3600:c225:e9ff:fea8:78a4,3352,2a02:9000::/23,es,Connected,Yes,40.3395,-3.8205,skgsergio@home,0.9994,0.9997,0.9922
409,34398,185.190.176.203,206268,185.190.176.0/24,-,-,-,es,Abandoned,Yes,41.8215,1.8915,Guifibages GPON Connection,0.0,0.0,0.6314
410,34405,188.26.196.118,57269,188.26.192.0/21,2a0c:5a81:b60a:7e00:c225:e9ff:fea8:58ea,57269,2a0c:5a80::/30,es,Abandoned,Yes,40.3095,-3.7325,-,0.0,0.0,0.341
411,34417,-,12430,77.224.0.0/13,-,-,-,es,Abandoned,No,40.6905,-3.9725,FRL-ATLAS,,,
412,34429,46.6.27.241,15704,46.6.24.0/21,-,-,-,es,Connected,Yes,36.6015,-4.5215,Benal Probe,1.0,1.0,0.5357
413,34542,-,12430,77.224.0.0/13,-,-,-,es,Abandoned,No,41.6285,-4.7405,Sonda-Vodafone,,,
414,34629,-,201843,193.58.98.0/24,-,-,-,es,Abandoned,No,38.9415,-3.9815,Poblete,,,
415,34664,185.154.9.241,200845,185.154.9.0/24,-,-,-,es,Connected,Yes,42.2495,3.1205,Empuriabrava - Jazztel,0.9997,0.9995,0.8508
416,34960,83.38.85.118,3352,83.38.0.0/16,-,-,-,es,Abandoned,Yes,40.3675,-3.7595,Redparra Network rp2,0.0,0.0,0.6877
417,35148,66.81.166.34,15704,66.81.160.0/21,-,-,-,es,Abandoned,Yes,40.4015,-3.6605,-,0.0,0.0,0.2195
418,35310,212.3.63.1,39155,212.3.62.0/23,-,-,-,es,Abandoned,Yes,37.4375,-4.0925,Cruz de las Mujeres,0.0,0.0,0.0666
419,35464,188.127.189.106,15704,188.127.160.0/19,-,-,-,es,Abandoned,Yes,40.4295,-3.6795,MAD NOC,0.0,0.0,0.2489
420,35590,83.56.6.29,3352,83.56.0.0/16,-,-,-,es,Abandoned,Yes,39.4475,-0.3585,Colmar Valencia,0.0,0.0,0.1864
421,35595,2.139.166.104,3352,2.139.0.0/16,-,-,-,es,Abandoned,Yes,40.4295,-3.6685,MAD-MBecerra-AMM,0.0,0.0,0.041100000000000005
422,35664,212.64.161.47,12540,212.64.160.0/19,-,-,-,es,Abandoned,Yes,28.1295,-15.4395,Voxia TPLINK Probe,0.0,0.0,0.23800000000000002
423,35684,-,57269,86.127.224.0/19,-,57269,2a0c:5a80::/30,es,Abandoned,No,40.3895,-3.6685,-,,,
424,35685,-,12479,62.151.104.0/21,-,-,-,es,Connected,No,41.3995,2.1815,Barcelona - Orange fiber,,,
425,35690,-,3352,83.35.0.0/16,-,-,-,es,Abandoned,No,40.2475,-3.8285,Casa,,,
426,35765,188.77.109.208,12479,188.77.108.0/22,-,-,-,es,Disconnected,Yes,41.4195,2.1905,-,0.3233,0.3435,0.8037000000000001
427,35783,84.126.254.154,6739,84.126.0.0/16,-,-,-,es,Connected,Yes,38.9885,-0.5185,-,0.9995999999999999,0.9998999999999999,0.9864
428,50261,79.144.153.60,3352,79.144.0.0/16,-,-,-,es,Abandoned,Yes,36.7075,-4.2495,Torre de BenagalbÃ³n,0.0,0.0,0.6548999999999999
429,50272,86.127.250.47,57269,86.127.224.0/19,-,-,-,es,Connected,Yes,37.2885,-5.9195,Alferez.es Ripe Atlas,0.9974,0.9984999999999999,0.9954000000000001
430,50328,217.150.213.31,33932,217.150.213.0/24,-,-,-,es,Connected,Yes,41.6715,2.7485,home user @ Everywan,1.0,0.9993000000000001,0.9437000000000001
431,50584,89.128.173.57,12479,89.128.172.0/22,-,-,-,es,Abandoned,Yes,41.5495,2.1115,-,0.0,0.0,0.11460000000000001
432,50594,185.23.223.105,60493,185.23.223.0/24,-,-,-,es,Connected,Yes,41.5595,1.9615,FICOSA INTERNATIONAL RIPE ATLA,0.9971,0.9983,0.7956
433,50627,-,15704,82.213.224.0/19,-,-,-,es,Disconnected,No,38.6805,-4.0915,Puertollano,,,
434,50746,83.247.144.196,39551,83.247.144.0/24,-,-,-,es,Abandoned,Yes,41.3505,2.1195,CTTI Probe,0.0,0.0,0.34450000000000003
435,50925,79.117.27.151,57269,79.116.0.0/15,2a0c:5a82:e506:206:1:45ff:fe60:1233,57269,2a0c:5a80::/29,es,Connected,Yes,40.4895,-3.8815,Epsilon,0.9951000000000001,0.9833,0.6409
436,50990,-,3352,83.39.0.0/16,-,3352,2a02:9000::/23,es,Connected,No,40.4275,-3.6685,-,,,
437,51046,-,57269,79.116.0.0/15,-,57269,2a0c:5a80::/29,es,Connected,No,39.9805,-0.0305,-,,,
438,51056,158.109.165.53,13041,158.109.0.0/16,-,-,-,es,Connected,Yes,41.5005,2.1095,Sensor SI Comms,0.9987,0.9997,0.9678
439,51076,-,39551,83.247.144.0/24,-,-,-,es,Abandoned,No,41.3505,2.1205,CTTI Probe,,,
440,51265,79.150.158.173,3352,79.150.0.0/16,-,-,-,es,Connected,Yes,39.8495,3.0905,Alcudia,0.9998999999999999,1.0,0.988
441,51352,217.126.185.215,3352,217.126.0.0/16,2001:470:1f09:495:1:5ff:fe92:a02a,6939,2001:470::/32,es,Connected,Yes,40.5985,-3.9805,Casa-new,0.9997,0.9998,0.9991
442,52020,-,-,-,-,-,-,es,Never Connected,No,39.9875,-0.0715,-,,,
443,52162,88.1.128.155,3352,88.1.0.0/16,-,-,-,es,Abandoned,Yes,40.7485,-3.5995,AS3352 Probe v4,0.0,0.0,0.3586
444,52511,2.137.126.233,3352,2.137.0.0/16,-,-,-,es,Connected,Yes,28.6775,-17.7725,HomeLab Probe,0.9993000000000001,0.9987,0.9934999999999999
445,52746,-,766,138.4.0.0/16,-,766,2001:720::/32,es,Disconnected,No,40.4505,-3.7305,-,,,
446,52897,-,34285,217.12.24.0/24,-,-,-,es,Disconnected,No,37.3905,-5.9785,Sonda RIPE RCJA,,,
447,52963,193.17.192.236,34019,193.17.192.0/24,2001:67c:1740:a0d3:1:dbff:fea9:94b9,34019,2001:67c:1740::/48,es,Connected,Yes,36.7085,-4.4295,guadalmedina.keda.re,0.9983,0.9989,0.9337000000000001
448,52969,185.49.156.25,200030,185.49.156.0/22,-,-,-,es,Connected,Yes,38.0715,-0.7495,ATLAS at local ISP,1.0,1.0,0.9995
449,53229,-,3352,81.32.0.0/16,-,-,-,es,Connected,No,42.6115,-5.5915,FloProbe,,,
450,53240,195.140.157.179,15450,195.140.157.0/24,-,-,-,es,Connected,Yes,40.4375,-3.6305,ALHAMBRA SYSTEMS,1.0,1.0,0.9981
451,53322,93.176.185.146,15704,93.176.176.0/20,-,-,-,es,Abandoned,Yes,41.3985,2.1685,Tux-home,0.0,0.0,0.44659999999999994
452,53339,193.254.37.203,198760,193.254.37.0/24,-,-,-,es,Abandoned,Yes,39.7315,-0.2615,-,0.0,0.0,0.0335
453,53380,-,3352,2.139.0.0/16,-,-,-,es,Abandoned,No,40.4175,-3.6885,-,,,
454,53386,90.170.246.194,12479,90.170.240.0/21,-,-,-,es,Disconnected,Yes,40.4905,-3.8785,Probe casa Edu,0.0,0.0,0.4459
455,53390,84.121.199.210,6739,84.121.0.0/16,-,-,-,es,Connected,Yes,39.4675,-0.3785,Valencia,1.0,0.9998999999999999,0.7532
456,53456,79.116.157.122,57269,79.116.0.0/15,2a0c:5a84:eb0a:6900:1:d1ff:fe0d:5faf,57269,2a0c:5a80::/29,es,Connected,Yes,41.5605,2.0095,casa.cmos486.es,0.9994,0.998,0.995
457,53528,-,12479,92.176.0.0/20,-,-,-,es,Connected,No,42.4315,-8.6415,Diferentec,,,
458,53679,-,60609,185.77.158.0/24,-,-,-,es,Abandoned,No,40.8915,0.8005,-,,,
459,53761,-,57269,79.116.0.0/15,-,57269,2a0c:5a80::/29,es,Connected,No,40.3275,-3.7795,-,,,
460,53792,-,206404,185.187.71.0/24,-,-,-,es,Connected,No,40.8285,0.5115,-,,,
461,54586,-,12430,62.174.128.0/17,-,-,-,es,Abandoned,No,40.4605,-3.7485,TEST1,,,
462,54639,85.59.17.35,12479,85.59.16.0/22,-,-,-,es,Connected,Yes,28.6815,-17.7615,-,0.9991,0.9662999999999999,0.9937999999999999
463,54656,88.9.33.70,3352,88.9.0.0/16,fd7c:63:9087:1:1:85ff:fe9c:5dcd,-,-,es,Abandoned,Yes,40.5005,-3.8805,-,0.0,0.0,0.0149
464,55020,80.30.54.243,3352,80.30.0.0/16,-,-,-,es,Abandoned,Yes,41.5975,2.6185,Guadalupe Probe,0.0,0.0,0.020499999999999997
465,55118,37.152.93.46,57910,37.152.93.0/24,-,-,-,es,Abandoned,Yes,39.5715,3.1975,SCIP Probe,0.0,0.0,0.0019
466,55263,81.0.13.45,15704,81.0.0.0/20,-,-,-,es,Connected,Yes,41.3785,2.1705,"AS15704 - Spain, Barcelona, Ra",1.0,0.9997,0.9754
467,55346,92.191.19.22,12479,92.191.16.0/22,-,-,-,es,Connected,Yes,40.4205,-3.7105,-,0.9997,0.9979,0.9965999999999999
468,55420,79.117.7.133,57269,79.116.0.0/15,-,-,-,es,Connected,Yes,41.4975,2.0385,dbizarro Home,1.0,0.9995,0.9961
469,55502,84.88.154.76,13041,84.88.0.0/16,-,-,-,es,Abandoned,Yes,41.9785,2.8175,Universitat de Girona,0.0,0.0,0.4054
470,55661,83.54.77.45,3352,83.54.0.0/16,-,-,-,es,Connected,Yes,40.9475,-5.6595,ALOJALIA SAL-HOME1,1.0,1.0,0.971
471,55787,79.152.111.181,3352,79.152.0.0/16,-,-,-,es,Disconnected,Yes,41.4105,2.1615,ekesken-home,0.0,0.0,0.6790999999999999
472,60032,212.237.255.3,200845,212.237.255.0/24,-,-,-,es,Connected,Yes,38.7485,-0.5715,Mariola Secreta,0.9978,0.9987,0.59
473,60061,188.26.220.73,57269,188.26.216.0/21,2a0c:5a82:8104:7600:da58:d7ff:fe03:77f,57269,2a0c:5a80::/29,es,Connected,Yes,40.4575,-3.7095,Sonda Madrid Franco Rodriguez,0.9997,0.9998,0.9969
474,60133,92.185.50.153,12479,92.185.48.0/21,fd00::da58:d7ff:fe03:6bf,-,-,es,Disconnected,Yes,38.3585,-0.4215,-,0.22329999999999997,0.45549999999999996,0.9504
475,60135,62.82.127.239,6739,62.82.0.0/16,-,-,-,es,Connected,Yes,27.8995,-15.7315,Casa La Cardonera,0.9987999999999999,0.9993000000000001,0.9934000000000001
476,60319,185.50.0.3,60273,185.50.0.0/22,-,-,-,es,Connected,Yes,41.8515,3.0975,-,1.0,0.9997,0.9984000000000001
477,60374,92.172.101.225,12479,92.172.96.0/20,-,-,-,es,Connected,Yes,40.0995,-4.0495,mtnezm.es,0.9992,0.9997,0.9704
478,60416,79.116.58.23,57269,79.116.0.0/15,-,-,-,es,Connected,Yes,40.1905,-3.6725,aletz.es,0.9953,0.9984000000000001,0.9994
479,60454,-,3352,83.43.0.0/16,-,-,-,es,Connected,No,40.8095,0.5195,LA PRIMERA,,,
480,60464,212.64.160.7,12540,212.64.160.0/19,-,-,-,es,Connected,Yes,28.1195,-15.4295,DataCenter JXXIII probe,1.0,1.0,0.9998999999999999
481,60494,83.36.156.175,3352,83.36.0.0/16,2a02:9140:5100:800:da58:d7ff:fe03:717,3352,2a02:9000::/23,es,Connected,Yes,40.2495,-3.8285,Casa Humanes,0.9997,0.9993000000000001,0.9908
482,60533,185.66.46.63,50563,185.66.44.0/22,-,-,-,es,Connected,Yes,37.5985,-1.0015,Tele Cartagena barrio de la co,0.9987999999999999,0.9951000000000001,0.9982
483,60555,93.176.180.28,15704,93.176.176.0/20,-,-,-,es,Connected,Yes,41.3895,2.1795,-,1.0,0.9991,0.9962000000000001
484,60561,79.146.72.17,3352,79.146.0.0/16,2a02:9140:4f80:6c00:da58:d7ff:fe03:a0a,3352,2a02:9000::/23,es,Connected,Yes,40.2975,-3.8395,House probe,0.9989,0.9965999999999999,0.9984000000000001
485,60589,193.84.93.10,209910,193.84.93.0/24,-,-,-,es,Connected,Yes,38.1215,-1.2885,Archena Mapeka,1.0,0.9998,0.9976999999999999
486,60610,79.117.199.135,57269,79.116.0.0/15,2a0c:5a80:c306:2a00:da58:d7ff:fe03:6d6,57269,2a0c:5a80::/29,es,Connected,Yes,40.3075,-3.7325,-,1.0,0.9998999999999999,0.9997
487,60629,93.156.219.181,15704,93.156.216.0/21,-,-,-,es,Connected,Yes,42.3615,-2.4815,Home,0.9997,0.9997,0.9942
488,60653,91.117.120.198,12334,91.117.64.0/18,-,-,-,es,Disconnected,Yes,42.6485,-8.8805,-,0.0,0.0,0.0933
489,60662,-,3352,88.26.0.0/16,-,-,-,es,Disconnected,No,40.4185,-3.6995,starlabs-probe,,,
490,60668,79.117.24.184,57269,79.116.0.0/15,2a0c:5a83:f902:2c00:da58:d7ff:fe03:8c4,57269,2a0c:5a80::/29,es,Connected,Yes,40.4115,-3.6095,-,1.0,0.9995,0.11349999999999999
491,60741,-,205580,185.209.100.0/24,-,-,-,es,Connected,No,42.2375,-8.7205,-,,,
492,60780,212.163.228.77,12541,212.163.0.0/16,-,-,-,es,Connected,Yes,40.4175,-3.6985,Probe #60780,0.9978,0.9995,0.9992
493,60900,83.48.37.217,3352,83.48.0.0/16,-,-,-,es,Connected,Yes,40.3275,-3.7525,AT,1.0,0.9998999999999999,0.9998
494,60944,81.0.13.45,15704,81.0.0.0/20,-,-,-,es,Connected,Yes,41.3795,2.1695,"AS15704 - Spain, Barcelona, Ra",1.0,1.0,0.9871
495,61019,212.81.204.129,3262,212.81.128.0/17,2a03:c600:c028:101:da58:d7ff:fe03:a18,3262,2a03:c600::/32,es,Connected,Yes,43.2815,-2.0125,IBD Probe,1.0,0.9995999999999999,0.9995999999999999
496,61052,-,207026,185.168.106.0/24,-,-,-,es,Connected,No,41.9985,2.2795,QUOPIAM-MANLLEU,,,
497,61201,185.59.67.186,56882,185.59.67.0/24,-,-,-,es,Connected,Yes,42.4575,-2.4625,RIPE PROBE1 - LCR,1.0,0.9992,0.9945
498,61230,88.17.177.243,3352,88.17.0.0/16,fddc:a502:5043:5745:da58:d7ff:fe03:87b,-,-,es,Connected,Yes,39.4575,-0.3815,-,1.0,1.0,0.9992
499,61357,83.53.163.145,3352,83.53.0.0/16,-,-,-,es,Connected,Yes,43.3105,-5.7005,LlangrÃ©u,1.0,1.0,0.9995999999999999
500,61456,-,3352,81.32.0.0/16,-,-,-,es,Connected,No,43.3905,-5.8205,Oviedo Probe,,,
501,61476,83.173.142.55,6739,83.173.128.0/18,-,-,-,es,Connected,Yes,42.4605,-2.4595,RIPE PROBE2 - Vodafone,1.0,0.9987999999999999,0.9972
502,61498,145.224.124.35,14593,145.224.124.0/22,-,-,-,es,Disconnected,Yes,40.4215,-3.6885,-,0.0,0.0,0.18170000000000003
503,61531,92.187.60.106,12479,92.187.60.0/22,-,-,-,es,Connected,Yes,40.3975,-4.0015,Mi sonda RIPE de Brunete,0.9964,0.9975,0.9863
504,61547,88.0.13.106,3352,88.0.0.0/16,-,-,-,es,Connected,Yes,39.9705,-4.8305,SONDA RIPE ATLAS,0.9975,0.9969,0.9879000000000001
505,61646,79.116.138.4,57269,79.116.0.0/15,2a0c:5a80:b20c:bb00:da58:d7ff:fe03:94d,57269,2a0c:5a80::/29,es,Connected,Yes,40.3405,-3.7105,-,0.9997,0.9995,0.9861
506,61660,-,6739,81.61.0.0/16,-,-,-,es,Disconnected,No,40.3875,-3.6195,Valdebernardo,,,
507,61719,88.5.210.83,3352,88.5.0.0/16,-,-,-,es,Disconnected,Yes,41.6415,-0.9325,-,0.0,0.0,0.7256
508,61758,213.177.212.2,15704,213.177.208.0/21,-,-,-,es,Connected,Yes,43.3515,-8.4205,-,0.9976,0.9990000000000001,0.9995999999999999
509,61855,-,6739,84.120.0.0/16,-,-,-,es,Connected,No,38.2695,-0.7105,Mario Networks Limited,,,
510,62117,83.48.111.71,3352,83.48.0.0/16,-,-,-,es,Abandoned,Yes,40.4305,-3.7025,-,0.0,0.0,0.0092
511,62149,87.221.61.221,12479,87.221.60.0/22,-,-,-,es,Disconnected,Yes,36.6015,-4.5505,-,0.0,0.0,0.221
512,62255,84.54.27.113,29119,84.54.26.0/23,-,-,-,es,Connected,Yes,37.9795,-1.1105,LosDolores,1.0,0.9989,0.9231999999999999
513,62301,185.219.59.2,205241,185.219.59.0/24,-,-,-,es,Connected,Yes,41.7875,0.8075,-,1.0,1.0,0.9989
514,62325,185.35.143.130,60171,185.35.140.0/22,-,-,-,es,Connected,Yes,41.4295,2.2285,AFR-IX Telecom Barcelona CLS,1.0,0.9995999999999999,0.9997
515,62363,88.1.140.127,3352,88.1.0.0/16,-,-,-,es,Connected,Yes,40.7385,-3.5995,AS3352 - Version 5 probe,1.0,0.9998,0.9873000000000001
516,62499,-,62080,194.145.141.0/24,-,62080,2001:678:310::/48,es,Connected,No,40.4315,-3.7185,AS62080 1,,,
517,62512,109.227.152.149,15704,109.227.144.0/20,fd67:a53b:d2c4:0:da58:d7ff:fe03:445,-,-,es,Connected,Yes,40.6985,-3.9325,Mi vivienda,0.9992,0.9979,0.3043
518,62588,83.52.254.76,3352,83.52.0.0/16,-,-,-,es,Connected,Yes,43.5315,-5.6685,Torre Stark,1.0,0.9975,0.9941
519,62669,188.214.241.206,62412,188.214.240.0/23,2a04:6c01:100:3:da58:d7ff:fe03:911,62412,2a04:6c00::/29,es,Connected,Yes,38.0815,-1.2795,-,1.0,0.9998999999999999,0.9978
520,62705,2.152.69.175,6739,2.152.0.0/16,-,-,-,es,Abandoned,Yes,41.3995,2.1875,Vodafone lab,0.0,0.0,0.1477
521,62799,88.22.253.11,3352,88.22.0.0/16,-,-,-,es,Connected,Yes,39.5615,-0.5285,BandaAncha.eu,0.9979,0.9994,0.9990000000000001
522,62829,89.7.133.21,12430,89.6.0.0/15,-,-,-,es,Connected,Yes,43.4615,-3.8215,Santander Probe - Spain,1.0,0.997,0.9754999999999999
523,62908,-,3352,81.32.0.0/16,-,-,-,es,Connected,No,43.3815,-5.7625,Granda Siero Probe,,,
524,62939,88.20.38.88,3352,88.20.0.0/16,-,-,-,es,Connected,Yes,38.0215,-1.1315,"Murcia, Churra",1.0,0.9998999999999999,0.9997
525,63003,90.173.25.240,12479,90.173.25.0/24,-,-,-,es,Disconnected,Yes,40.3485,-3.8325,Home,0.0,0.0,0.0335
526,63047,150.241.155.247,766,150.241.128.0/17,-,-,-,es,Connected,Yes,43.2605,-2.9305,-,0.9995999999999999,0.9995,0.9993000000000001
527,63051,-,57269,79.116.0.0/15,-,57269,2a0c:5a80::/29,es,Connected,No,38.2675,-0.5405,casa,,,
528,63085,155.54.210.2,766,155.54.0.0/16,-,-,-,es,Connected,Yes,37.9895,-1.1185,-,0.9943000000000001,0.9370999999999999,0.9841
529,1000257,81.0.0.196,15704,81.0.0.0/18,-,-,-,es,Abandoned,Yes,40.4605,-3.7505,-,0.0,0.0,0.0001
530,1000600,89.128.173.57,12479,89.128.172.0/22,-,-,-,es,Abandoned,Yes,41.5475,2.1075,-,0.0,0.0,0.0381
531,1000638,88.9.33.70,3352,88.9.0.0/16,fd7c:63:9087:1:735d:3313:6288:fd2f,-,-,es,Abandoned,Yes,40.5015,-3.8815,jrevillas@home,0.0,0.0,0.0331
532,1000650,79.157.217.148,3352,79.157.0.0/16,-,-,-,es,Abandoned,Yes,41.3775,2.0495,nuc,0.0,0.0,0.7515000000000001
533,1000961,83.38.90.87,3352,83.38.0.0/16,2001:470:c997:1::4,6939,2001:470::/32,es,Disconnected,Yes,40.3775,-3.7695,-,0.0,0.2585,0.8814
534,1000964,79.148.157.38,3352,79.148.0.0/16,-,-,-,es,Abandoned,Yes,40.1095,-3.7595,-,0.0,0.0,0.3688
535,1001462,88.10.28.234,3352,88.10.0.0/16,-,-,-,es,Abandoned,Yes,43.3585,-2.8495,TurrisHOme,0.0,0.0,0.4314
536,1001603,139.47.38.225,15704,139.47.32.0/21,-,-,-,es,Connected,Yes,41.4885,2.1875,"MiR, Spain",1.0,0.9997,0.9865
537,1001898,89.129.234.71,12479,89.129.232.0/22,-,-,-,es,Connected,Yes,40.3715,-3.7685,-,0.9981,0.6643000000000001,0.9362999999999999
538,1002174,193.104.51.88,25412,193.104.51.0/24,-,-,-,es,Connected,Yes,41.3695,2.0705,-,1.0,1.0,1.0
539,1002175,79.152.127.192,3352,79.152.0.0/16,fd3f:f591:ed77:10::1,-,-,es,Abandoned,Yes,41.3795,2.1705,Turris,0.0,0.0,0.4058
540,1002301,185.47.131.87,59432,185.47.131.0/24,-,-,-,es,Abandoned,Yes,40.4175,-3.7025,"ES MAD, AS59432 (IPv4)",0.0,0.0,0.159
541,1002436,79.116.11.111,57269,79.116.0.0/15,-,-,-,es,Connected,Yes,42.4705,-2.4615,-,0.9991,0.9873999999999999,0.8656
542,1002549,90.165.120.190,12479,90.165.120.0/22,-,-,-,es,Abandoned,Yes,39.2015,-0.3105,SoftNet,0.0,0.0,0.5436
543,1002938,67.218.236.204,15704,67.218.232.0/21,fd48:cb5f:904d::1,-,-,es,Connected,Yes,43.3115,-1.9715,-,1.0,0.9998999999999999,0.9975
544,1003090,79.154.210.172,3352,79.154.0.0/16,-,-,-,es,Connected,Yes,41.5975,2.6215,Guadalupe,1.0,0.9990000000000001,0.9965
545,1003510,79.117.24.184,57269,79.116.0.0/15,2a0c:5a83:f902:2c03:9aee:cbff:fe04:1a0f,57269,2a0c:5a80::/29,es,Connected,Yes,40.3875,-3.6025,GLEZCLOUD,0.9995999999999999,0.9984999999999999,0.9834999999999999
546,1003694,193.145.14.195,766,193.144.0.0/14,-,-,-,es,Connected,Yes,40.3395,-3.7685,IMDEA,1.0,0.9998999999999999,0.8976000000000001
547,1003800,82.223.222.233,8560,82.223.0.0/16,2001:ba0:1800:80e6::1,8560,2001:ba0::/32,es,Connected,Yes,41.3875,2.1675,-,1.0,1.0,1.0
548,1003888,208.85.17.65,20473,208.85.17.0/24,2a05:f480:2800:10f9:5400:3ff:fee9:be76,20473,2a05:f480:2800::/3,es,Connected,Yes,40.4215,-3.6985,Madrid - Vultr,1.0,1.0,0.9998999999999999
549,1003970,81.39.237.9,3352,81.39.0.0/16,2a02:9003:e5:128:48e3:74e6:da06:7514,3352,2a02:9000::/23,es,Connected,Yes,43.4975,-8.1895,-,0.996,0.9987,0.9987
550,1004021,83.41.163.43,3352,83.41.0.0/16,-,-,-,es,Connected,Yes,41.5475,2.1085,-,1.0,0.9998,0.9987999999999999
551,1004035,188.241.61.226,43578,188.241.60.0/23,-,-,-,es,Disconnected,Yes,41.3495,2.1285,Bitnap Barcelona,0.0,0.0,0.5389
552,1004036,185.47.128.178,59432,185.47.128.0/24,2a03:c7c0:3f::1,59432,2a03:c7c0::/32,es,Connected,Yes,40.4305,-3.6215,Ginernet Madrid,1.0,0.9981,0.9987999999999999
553,1004037,194.62.97.213,202053,194.62.96.0/22,2a04:3542:8000:1000:70c6:e5ff:feec:104b,202053,2a04:3542:8000::/3,es,Connected,Yes,40.4205,-3.6815,Upcloud Madrid,1.0,1.0,1.0
554,1004038,88.3.94.7,3352,88.3.0.0/16,-,-,-,es,Abandoned,Yes,40.4015,-3.7215,AS3352 Probe software,0.0,0.0,0.1183
555,1004166,119.15.112.1,55393,119.15.112.0/24,-,-,-,es,Connected,Yes,41.4005,2.1905,midokura-bcn-orange,1.0,0.9997,0.9904999999999999
556,1004167,119.15.112.244,55393,119.15.112.0/24,-,-,-,es,Connected,Yes,41.4005,2.1905,midokura-bcn-adamo,1.0,0.9997,0.9908
557,1004181,212.64.161.167,12540,212.64.160.0/19,-,-,-,es,Connected,Yes,28.1075,-15.4385,pnimain Test probe,0.9993000000000001,0.9995,0.9958
558,1004189,212.64.161.167,12540,212.64.160.0/19,-,-,-,es,Connected,Yes,28.1115,-15.4385,pnisec Test probe,1.0,1.0,0.987
559,1004200,88.24.229.106,3352,88.24.0.0/16,-,-,-,es,Connected,Yes,28.0275,-15.5025,-,1.0,1.0,0.9979
560,1004202,81.0.3.102,15704,81.0.0.0/20,-,-,-,es,Disconnected,Yes,41.3885,2.1375,-,0.0,0.0,0.4975
561,1004488,79.117.54.195,57269,79.116.0.0/15,fde1:e651:88c1::1,-,-,es,Connected,Yes,41.3815,2.1315,"Turris Omnia, Barcelona",1.0,0.9998999999999999,0.9701000000000001
562,1004523,208.76.221.49,20473,208.76.220.0/22,2a05:f480:2800:145f:5400:3ff:fed2:ba70,20473,2a05:f480:2800::/3,es,Connected,Yes,40.4185,-3.7015,-,1.0,1.0,0.9987999999999999
563,1004646,83.51.76.131,3352,83.51.0.0/16,2001:470:1f13:24a::1a1e,6939,2001:470::/32,es,Abandoned,Yes,41.3805,2.1295,xmt bcn movistar,0.0,0.0,0.0101
564,1004657,188.26.220.73,57269,188.26.216.0/21,fdc1:d42a:1944::1,-,-,es,Disconnected,Yes,40.4605,-3.7105,EspaÃ±a Madrid Franco Rodriguez,0.1243,0.1379,0.16870000000000002
565,1004742,185.253.154.66,49635,185.253.154.0/24,2a0c:b641:37f:b::1,202905,2a0c:b641:37f::/48,es,Abandoned,Yes,41.3885,2.1695,-,0.0,0.0,0.0601
566,1004769,188.26.220.73,57269,188.26.216.0/21,fdda:5862:9bf7::1,-,-,es,Disconnected,Yes,40.4215,-3.6795,EspaÃ±a Madrid Franco Rodriguez,0.12359999999999999,0.1381,0.1718
567,1004871,212.8.116.1,12338,212.8.64.0/18,fd47:37c4:8a7::1,-,-,es,Connected,Yes,43.2575,-2.9295,Turris Unamuno,0.9998,0.9732,0.5648
568,1004872,2.143.38.201,3352,2.143.0.0/16,fd6e:3005:88e8::1,-,-,es,Abandoned,Yes,43.2585,-2.9295,Turris Unamuno,0.0,0.0,0.0005
569,1004875,2.143.88.187,3352,2.143.0.0/16,fd6e:3005:88e8::1,-,-,es,Abandoned,Yes,43.3595,-2.9295,Laukiz LTE,0.0,0.0,0.1075
570,1004983,80.32.150.115,3352,80.32.0.0/16,-,-,-,es,Abandoned,Yes,41.3885,2.1715,-,0.0,0.0,0.0006
571,1004991,18.100.6.236,16509,18.100.0.0/15,2a05:d011:218:6500:5950:4100:5da0:58a6,16509,2a05:d011::/38,es,Connected,Yes,41.5975,-0.9085,AWS - Spain,0.9998999999999999,0.9998999999999999,0.9998
572,1005069,80.91.70.194,210423,80.91.70.0/24,-,-,-,es,Connected,Yes,42.2415,-8.7195,-,1.0,1.0,0.9691
573,1005070,-,12479,92.59.228.0/22,-,-,-,es,Disconnected,No,42.3875,-8.4995,Raspi,,,
574,1005075,88.17.48.173,3352,88.17.0.0/16,-,-,-,es,Disconnected,Yes,39.4895,-0.3995,-,0.0,0.0,0.45289999999999997
575,1005076,82.213.235.154,15704,82.213.224.0/19,-,-,-,es,Connected,Yes,40.2905,-3.7995,-,1.0,0.9993000000000001,0.9942
576,1005079,-,12334,77.27.192.0/18,-,-,-,es,Disconnected,No,42.3915,-8.4995,OPENWRT,,,
577,1005089,213.177.222.52,15704,213.177.216.0/21,-,-,-,es,Abandoned,Yes,43.3115,-1.9085,Galtzaraborda Probe,0.0,0.0,0.6493000000000001
578,1005108,86.127.241.86,57269,86.127.224.0/19,2a0c:5a85:d106:7a00:e92:f61:2e75:d6e9,57269,2a0c:5a80::/29,es,Disconnected,Yes,39.4715,-0.3825,-,0.0,0.0,0.1636
579,1005149,79.156.59.62,3352,79.156.0.0/16,-,-,-,es,Connected,Yes,41.7415,0.6395,-,1.0,0.9997,0.9987
580,1005228,-,3352,80.36.0.0/16,-,57269,2a0c:5a80::/29,es,Disconnected,No,38.2715,-0.7115,Oficina,,,
581,1005247,185.47.128.101,59432,185.47.128.0/24,2a03:c7c0:29:0:fca4:baff:fe16:6c48,59432,2a03:c7c0::/32,es,Connected,Yes,40.4305,-3.6205,-,1.0,1.0,0.9997
582,1005309,79.116.49.16,57269,79.116.0.0/15,-,-,-,es,Disconnected,Yes,40.1915,-3.6725,aletz.es,0.0,0.0,0.2907
583,1005357,185.49.184.104,15954,185.49.184.0/22,-,-,-,es,Connected,Yes,40.4905,-3.6905,-,0.9998999999999999,0.9998999999999999,0.9994
584,1005389,-,62080,194.145.141.0/24,-,62080,2001:678:310::/48,es,Connected,No,40.4915,-3.6885,AS62080 2,,,
585,1005425,79.116.62.230,57269,79.116.0.0/15,-,-,-,es,Disconnected,Yes,37.3795,-5.9715,-,0.0,0.0,0.0
586,1005512,81.9.155.117,12338,81.9.128.0/19,-,-,-,es,Connected,Yes,42.8885,-8.5425,santiago,0.9998999999999999,0.9998999999999999,0.9928
587,1005513,82.98.129.44,42612,82.98.128.0/18,2a02:be8:2:1000:42:acff:fe13:2,42612,2a02:be8::/32,es,Connected,Yes,40.4385,-3.6225,interxion mad1,1.0,0.9998999999999999,0.9995999999999999
588,1005536,82.223.33.133,8560,82.223.0.0/16,2001:ba0:1800:81ff::1,8560,2001:ba0::/32,es,Connected,Yes,40.4205,-3.7015,IONOS-Madrid,1.0,1.0,1.0
589,1005622,83.51.248.196,3352,83.51.0.0/16,-,-,-,es,Connected,Yes,41.3885,2.1585,-,0.7315999999999999,0.9308,0.9804999999999999
590,1005642,80.58.150.61,3352,80.58.0.0/16,-,-,-,es,Connected,Yes,40.4285,-3.6705,-,0.9948,0.9984999999999999,0.9259000000000001
591,1005792,79.152.176.225,3352,79.152.0.0/16,-,-,-,es,Disconnected,Yes,41.4185,2.2015,Menorca Barcelona,0.0,0.0,0.6965
592,1005907,213.97.72.118,3352,213.97.0.0/16,-,-,-,es,Connected,Yes,36.7405,-4.5625,rindus,1.0,0.9998999999999999,0.9997
593,1006026,81.35.118.154,3352,81.35.0.0/16,fd4d:6169:6c63:6f77::1,-,-,es,Disconnected,Yes,40.7105,-3.4515,Synthgularity,0.9347,0.904,0.8761
594,1006038,79.116.130.83,57269,79.116.0.0/15,-,-,-,es,Connected,Yes,43.3015,-2.8915,-,0.9991,0.9922,0.9917
595,1006085,80.26.149.181,3352,80.26.0.0/16,-,-,-,es,Connected,Yes,40.4495,-3.7085,-,1.0,0.9998,0.9209999999999999
596,1006106,2.155.31.127,12430,2.155.0.0/16,-,-,-,es,Disconnected,Yes,40.7305,-3.8625,-,0.0079,0.0018,0.0232
597,1006162,195.235.93.17,3352,195.235.0.0/16,-,-,-,es,Connected,Yes,40.4385,-3.6495,-,1.0,1.0,0.9998999999999999
598,1006501,185.161.96.30,205697,185.161.96.0/24,2a0b:ef00::96:30,205697,2a0b:ef00::/32,es,Connected,Yes,40.4175,-3.6925,ALOJALIA MAD-CPD1,0.9998999999999999,1.0,0.9998999999999999
599,1006504,195.216.247.3,205697,195.216.247.0/24,-,-,-,es,Connected,Yes,37.4795,-5.9325,ALOJALIA SEV-CPD1,0.9989,0.9995999999999999,0.9995999999999999
600,1006507,79.117.50.183,57269,79.116.0.0/15,-,-,-,es,Connected,Yes,39.4705,-0.4125,-,0.9979,0.9992,0.9992
601,1006558,79.116.12.137,57269,79.116.0.0/15,-,-,-,es,Disconnected,Yes,37.3215,-5.9405,-,0.0,0.0,0.0989
602,1006603,193.37.64.251,49600,193.37.64.0/24,2a12:c7c0:4::2,49600,2a12:c7c0::/29,es,Connected,Yes,41.3485,2.1275,Barcelona,1.0,1.0,0.9998999999999999
603,1006604,193.37.65.251,49600,193.37.65.0/24,2a12:c7c4::2,49600,2a12:c7c0::/29,es,Connected,Yes,40.4495,-3.5725,Madrid,1.0,1.0,0.9997
604,1007366,185.197.200.11,57656,185.197.200.0/24,2a0a:7dc0:100:4:185:197:200:11,57656,2a0a:7dc0::/29,es,Connected,Yes,42.1705,-8.6895,ALTIA-ISP2-Probe,1.0,0.9990000000000001,0.9990000000000001
605,1007387,81.39.180.43,3352,81.39.0.0/16,-,-,-,es,Connected,Yes,42.2705,-8.7685,-,0.9948999999999999,0.9948999999999999,0.9948999999999999
606,1007393,34.175.56.3,396982,34.175.0.0/17,-,-,-,es,Connected,Yes,40.5185,-3.3385,Google Cloud - europe-southwes,1.0,1.0,1.0
607,1007394,34.0.207.25,15169,34.0.192.0/19,-,-,-,es,Connected,Yes,40.5195,-3.3385,Google Cloud - europe-southwes,1.0,1.0,1.0
608,1007401,213.96.250.100,3352,213.96.0.0/16,-,-,-,es,Connected,Yes,42.1675,-8.6925,FTTH-Movistar,1.0,1.0,1.0
